state,win_start,win_end,covid_rate,unmet_need
Alabama,2020-08-19,2020-08-31,312.4229367039529,8.4
Alabama,2020-09-02,2020-09-14,235.71541309708317,9.9
Alabama,2020-09-16,2020-09-28,255.22069932820213,14.5
Alabama,2020-09-30,2020-10-12,249.229789985787,9.8
Alabama,2020-10-14,2020-10-26,360.82789192240324,7.7
Alabama,2020-10-28,2020-11-09,366.61976773184773,7.8
Alabama,2020-11-11,2020-11-23,547.6009592620155,13.7
Alabama,2020-11-25,2020-12-07,703.8621859972346,10.3
Alabama,2020-12-09,2020-12-21,958.6848182594956,13.1
Alabama,2021-01-06,2021-01-18,884.4055037548671,12.9
Alabama,2021-01-20,2021-02-01,683.0233750952126,11.2
Alabama,2021-02-03,2021-02-15,371.5358959962216,10.8
Alabama,2021-02-17,2021-03-01,224.52972854413537,9.4
Alabama,2021-03-03,2021-03-15,274.8255023258064,12.5
Alabama,2021-03-17,2021-03-29,117.46959115924892,12.3
Alabama,2021-04-14,2021-04-26,116.33510002131649,8.7
Alabama,2021-04-28,2021-05-10,87.3160109142028,12
Alabama,2021-05-12,2021-05-24,215.99118997969657,9.8
Alabama,2021-05-26,2021-06-07,74.876415103540225,13.5
Alabama,2021-06-09,2021-06-21,49.22099270362971,12.8
Alabama,2021-06-23,2021-07-05,45.47916228378241,10
Alabama,2021-07-21,2021-08-02,533.3899650079145,15.1
Alabama,2021-08-04,2021-08-16,894.5761172896648,12.5
Alabama,2021-08-18,2021-08-30,1057.6044841458845,12.7
Alabama,2021-09-01,2021-09-13,1006.4926728790341,13.6
Alabama,2021-09-15,2021-09-27,724.6014801327714,11.1
Alabama,2021-09-29,2021-10-11,317.7968420941592,9.2
Alabama,2021-12-01,2021-12-13,135.6015460128707,13
Alabama,2021-12-29,2022-01-10,2200.315706989998,10.9
Alabama,2022-01-26,2022-02-07,1845.5782411764949,12.4
Alabama,2022-03-02,2022-03-14,182.29481284777376,11.3
Alabama,2022-03-30,2022-04-11,45.2801287508118,10
Alabama,2022-04-27,2022-05-09,57.102720609265525,12.1
Alaska,2020-08-19,2020-08-31,123.39938723000418,8.5
Alaska,2020-09-02,2020-09-14,150.53361712919846,9.6
Alaska,2020-09-16,2020-09-28,166.48690807495592,9.8
Alaska,2020-09-30,2020-10-12,300.3854696880655,10.3
Alaska,2020-10-14,2020-10-26,457.6003796065128,11.3
Alaska,2020-10-28,2020-11-09,748.032086567738,11.3
Alaska,2020-11-11,2020-11-23,1010.784151973504,13.9
Alaska,2020-11-25,2020-12-07,1178.36188336099,11.5
Alaska,2020-12-09,2020-12-21,801.4824288817289,12.8
Alaska,2021-01-06,2021-01-18,474.9171996929332,13.1
Alaska,2021-01-20,2021-02-01,296.84029392234163,12.5
Alaska,2021-02-03,2021-02-15,243.38995160835077,10.5
Alaska,2021-02-17,2021-03-01,235.20877676437266,11.2
Alaska,2021-03-03,2021-03-15,244.20806909274862,10.7
Alaska,2021-03-17,2021-03-29,200.02972493526644,9.8
Alaska,2021-04-14,2021-04-26,294.2495885550818,9.5
Alaska,2021-04-28,2021-05-10,198.39348996647084,11.6
Alaska,2021-05-12,2021-05-24,110.0368016515065,9.5
Alaska,2021-05-26,2021-06-07,62.85869338456567,9
Alaska,2021-06-09,2021-06-21,59.313517618841786,8.9
Alaska,2021-06-23,2021-07-05,54.81387145465379,10.4
Alaska,2021-07-21,2021-08-02,452.4189688719933,15.5
Alaska,2021-08-04,2021-08-16,588.3628241960973,12.5
Alaska,2021-08-18,2021-08-30,892.7025283920856,12.2
Alaska,2021-09-01,2021-09-13,1095.7320174368108,10.6
Alaska,2021-09-15,2021-09-27,1952.5737294294584,16.3
Alaska,2021-09-29,2021-10-11,1594.5109770913468,11.9
Alaska,2021-12-01,2021-12-13,384.78792349510695,9.4
Alaska,2021-12-29,2022-01-10,1685.8674295157698,11.6
Alaska,2022-01-26,2022-02-07,3661.212095594301,11.9
Alaska,2022-03-02,2022-03-14,597.3621165244733,14.4
Alaska,2022-03-30,2022-04-11,310.61193824303814,10.7
Alaska,2022-04-27,2022-05-09,401.6956848393286,15.8
Arizona,2020-08-19,2020-08-31,96.97263595815258,9.7
Arizona,2020-09-02,2020-09-14,88.80651924588709,12.3
Arizona,2020-09-16,2020-09-28,117.59767388724774,9.4
Arizona,2020-09-30,2020-10-12,110.28452484527027,11.4
Arizona,2020-10-14,2020-10-26,174.0054047387528,10.5
Arizona,2020-10-28,2020-11-09,286.4852726042725,10.8
Arizona,2020-11-11,2020-11-23,555.7294118074776,12.1
Arizona,2020-11-25,2020-12-07,816.9053158343519,11.6
Arizona,2020-12-09,2020-12-21,1142.1796428218856,14.1
Arizona,2021-01-06,2021-01-18,1504.6629365411627,11.4
Arizona,2021-01-20,2021-02-01,1068.7265416411824,12.6
Arizona,2021-02-03,2021-02-15,453.0516806119889,11.2
Arizona,2021-02-17,2021-03-01,256.22589492389153,10.7
Arizona,2021-03-03,2021-03-15,197.30121029120875,14.7
Arizona,2021-03-17,2021-03-29,92.54000068796736,13
Arizona,2021-04-14,2021-04-26,120.63200150122312,11.6
Arizona,2021-04-28,2021-05-10,130.08456125720164,8.7
Arizona,2021-05-12,2021-05-24,98.25907900186563,11
Arizona,2021-05-26,2021-06-07,91.07177764894703,8.3
Arizona,2021-06-09,2021-06-21,76.93488724466552,9
Arizona,2021-06-23,2021-07-05,90.56838689271149,14.9
Arizona,2021-07-21,2021-08-02,292.9594370525241,10
Arizona,2021-08-04,2021-08-16,482.43012446895773,13.1
Arizona,2021-08-18,2021-08-30,567.4052807368297,11.6
Arizona,2021-09-01,2021-09-13,544.710747476544,12
Arizona,2021-09-15,2021-09-27,459.21821737587436,10.5
Arizona,2021-09-29,2021-10-11,460.1830496586592,11.8
Arizona,2021-12-01,2021-12-13,682.374136230403,11.2
Arizona,2021-12-29,2022-01-10,1772.3689373225375,12.8
Arizona,2022-01-26,2022-02-07,1974.0748167308068,12.2
Arizona,2022-03-02,2022-03-14,145.81552238956235,11.9
Arizona,2022-03-30,2022-04-11,237.47458925411752,12.4
Arizona,2022-04-27,2022-05-09,87.54804235529824,10.8
Arkansas,2020-08-19,2020-08-31,256.9131111025514,7.7
Arkansas,2020-09-02,2020-09-14,303.16876106582583,12.1
Arkansas,2020-09-16,2020-09-28,350.3873786162754,9.7
Arkansas,2020-09-30,2020-10-12,356.3644188125347,9.5
Arkansas,2020-10-14,2020-10-26,417.06458258343616,10.5
Arkansas,2020-10-28,2020-11-09,502.46984583220996,12.1
Arkansas,2020-11-11,2020-11-23,729.0328750493106,11.7
Arkansas,2020-11-25,2020-12-07,787.9731325402022,11.8
Arkansas,2020-12-09,2020-12-21,955.7287273818836,10.5
Arkansas,2021-01-06,2021-01-18,1108.2428697231037,9.3
Arkansas,2021-01-20,2021-02-01,760.4123360796726,12.1
Arkansas,2021-02-03,2021-02-15,509.5094709522487,10.6
Arkansas,2021-02-17,2021-03-01,298.32071735108207,11.5
Arkansas,2021-03-03,2021-03-15,136.50895692679185,13.3
Arkansas,2021-03-17,2021-03-29,84.74114767141155,11.5
Arkansas,2021-04-14,2021-04-26,77.13702431061483,7.9
Arkansas,2021-04-28,2021-05-10,85.93655571066344,13.9
Arkansas,2021-05-12,2021-05-24,78.59807858081157,7.9
Arkansas,2021-05-26,2021-06-07,65.74744215885379,7.9
Arkansas,2021-06-09,2021-06-21,98.58795745941258,10.6
Arkansas,2021-06-23,2021-07-05,187.44662171046951,10.3
Arkansas,2021-07-21,2021-08-02,739.5923127293689,12
Arkansas,2021-08-04,2021-08-16,964.2958183298554,10.4
Arkansas,2021-08-18,2021-08-30,909.8051352072904,12.3
Arkansas,2021-09-01,2021-09-13,755.630703922665,10.2
Arkansas,2021-09-15,2021-09-27,528.934851590092,12.5
Arkansas,2021-09-29,2021-10-11,304.463786441682,13.2
Arkansas,2021-12-01,2021-12-13,327.50859697614897,12.4
Arkansas,2021-12-29,2022-01-10,2266.6596713159183,13.1
Arkansas,2022-01-26,2022-02-07,1502.4618764452812,13.9
Arkansas,2022-03-02,2022-03-14,207.07123702152137,12.9
Arkansas,2022-03-30,2022-04-11,33.20577886810798,13.1
Arkansas,2022-04-27,2022-05-09,65.3821785913046,15.1
California,2020-08-19,2020-08-31,182.2135506696899,9.2
California,2020-09-02,2020-09-14,127.55504970468702,9.2
California,2020-09-16,2020-09-28,113.507883245031,13.1
California,2020-09-30,2020-10-12,106.27690576786924,10.5
California,2020-10-14,2020-10-26,126.69512233769333,12
California,2020-10-28,2020-11-09,169.42592488286587,14.1
California,2020-11-11,2020-11-23,359.4799897810278,13.4
California,2020-11-25,2020-12-07,622.7062860159396,14.3
California,2020-12-09,2020-12-21,1283.992960432238,14.7
California,2021-01-06,2021-01-18,1316.28576226099,10.8
California,2021-01-20,2021-02-01,683.3665741629309,12
California,2021-02-03,2021-02-15,343.9658884012061,11.9
California,2021-02-17,2021-03-01,188.27098021071913,12.7
California,2021-03-03,2021-03-15,122.24879201070821,12.4
California,2021-03-17,2021-03-29,90.2215559864691,11.6
California,2021-04-14,2021-04-26,70.12454758019854,10.7
California,2021-04-28,2021-05-10,59.77253960047724,9.5
California,2021-05-12,2021-05-24,42.647339006611396,12.4
California,2021-05-26,2021-06-07,43.02924792548214,10.5
California,2021-06-09,2021-06-21,29.842008832819825,10.4
California,2021-06-23,2021-07-05,148.98494552979787,9.4
California,2021-07-21,2021-08-02,291.17393566220716,11.7
California,2021-08-04,2021-08-16,402.0261608621106,10.8
California,2021-08-18,2021-08-30,490.5556832941126,9.2
California,2021-09-01,2021-09-13,379.78945083090866,10.8
California,2021-09-15,2021-09-27,276.34777617598036,12.2
California,2021-09-29,2021-10-11,209.24814956908915,12.7
California,2021-12-01,2021-12-13,222.92099470428906,11.5
California,2021-12-29,2022-01-10,2359.246140121168,11.8
California,2022-01-26,2022-02-07,1704.2318770876477,11.1
California,2022-03-02,2022-03-14,164.4788133245138,11.8
California,2022-03-30,2022-04-11,99.79962933589603,12.7
California,2022-04-27,2022-05-09,212.9508956434385,13.4
Colorado,2020-08-19,2020-08-31,71.4098412217855,10.8
Colorado,2020-09-02,2020-09-14,67.78998751929868,12.9
Colorado,2020-09-16,2020-09-28,128.0285098984813,13.3
Colorado,2020-09-30,2020-10-12,156.58898241236056,11.7
Colorado,2020-10-14,2020-10-26,299.1488667433129,14.1
Colorado,2020-10-28,2020-11-09,634.530910259843,15.4
Colorado,2020-11-11,2020-11-23,1114.2221453989582,12.2
Colorado,2020-11-25,2020-12-07,1018.2007629750972,12.5
Colorado,2020-12-09,2020-12-21,733.1849135582399,15.8
Colorado,2021-01-06,2021-01-18,516.6172068793155,15.1
Colorado,2021-01-20,2021-02-01,335.7457608741964,11.5
Colorado,2021-02-03,2021-02-15,286.1589611123793,14.1
Colorado,2021-02-17,2021-03-01,251.10353578303324,13.8
Colorado,2021-03-03,2021-03-15,240.53841253654065,16.9
Colorado,2021-03-17,2021-03-29,256.6805352672474,11.7
Colorado,2021-04-14,2021-04-26,371.45934142217646,13.2
Colorado,2021-04-28,2021-05-10,330.428559502601,15.2
Colorado,2021-05-12,2021-05-24,216.27326881795668,10.6
Colorado,2021-05-26,2021-06-07,137.50248107197552,12.1
Colorado,2021-06-09,2021-06-21,112.63114175728137,10
Colorado,2021-06-23,2021-07-05,89.49178986004503,12.4
Colorado,2021-07-21,2021-08-02,180.64628764084955,12.2
Colorado,2021-08-04,2021-08-16,242.56483781496627,14.1
Colorado,2021-08-18,2021-08-30,347.4539958162112,15.1
Colorado,2021-09-01,2021-09-13,417.8419644616966,11.7
Colorado,2021-09-15,2021-09-27,396.9022365846316,13.7
Colorado,2021-09-29,2021-10-11,467.8098014553544,13.1
Colorado,2021-12-01,2021-12-13,504.9609315598244,12.5
Colorado,2021-12-29,2022-01-10,2346.687071787761,14
Colorado,2022-01-26,2022-02-07,1165.1598953463922,13.3
Colorado,2022-03-02,2022-03-14,196.47665263641392,12.2
Colorado,2022-03-30,2022-04-11,276.91014830315464,12.1
Colorado,2022-04-27,2022-05-09,246.44448963007176,10.6
Connecticut,2020-08-19,2020-08-31,45.036750432064395,8.1
Connecticut,2020-09-02,2020-09-14,52.38572756537539,8.3
Connecticut,2020-09-16,2020-09-28,58.68088910975877,10.2
Connecticut,2020-09-30,2020-10-12,112.2590922099733,8.6
Connecticut,2020-10-14,2020-10-26,177.54019474512083,8.7
Connecticut,2020-10-28,2020-11-09,355.6904932522524,8.6
Connecticut,2020-11-11,2020-11-23,658.7179390473062,9.5
Connecticut,2020-11-25,2020-12-07,792.1365390033787,11.2
Connecticut,2020-12-09,2020-12-21,807.5277929995585,13.3
Connecticut,2021-01-06,2021-01-18,919.5095653177086,9.6
Connecticut,2021-01-20,2021-02-01,602.7547848774135,9.9
Connecticut,2021-02-03,2021-02-15,380.4828915812337,10.4
Connecticut,2021-02-17,2021-03-01,327.34840030793606,10.9
Connecticut,2021-03-03,2021-03-15,276.59886010431666,9.1
Connecticut,2021-03-17,2021-03-29,401.67013131651515,9.5
Connecticut,2021-04-14,2021-04-26,311.8184863658449,11.2
Connecticut,2021-04-28,2021-05-10,172.07699287620662,6.7
Connecticut,2021-05-12,2021-05-24,76.4570941756167,9.4
Connecticut,2021-05-26,2021-06-07,33.167459062037565,6.6
Connecticut,2021-06-09,2021-06-21,16.722389476930314,7
Connecticut,2021-06-23,2021-07-05,18.691360708874015,6.4
Connecticut,2021-07-21,2021-08-02,118.63744972190361,5.7
Connecticut,2021-08-04,2021-08-16,201.14011753926292,8.2
Connecticut,2021-08-18,2021-08-30,215.50528793569725,10.6
Connecticut,2021-09-01,2021-09-13,199.9199100152415,10.1
Connecticut,2021-09-15,2021-09-27,217.5851871243702,10
Connecticut,2021-09-29,2021-10-11,118.6374497219036,9.1
Connecticut,2021-12-01,2021-12-13,710.6044908074002,9.1
Connecticut,2021-12-29,2022-01-10,3054.734072409333,11.2
Connecticut,2022-01-26,2022-02-07,574.6900118249202,8.3
Connecticut,2022-03-02,2022-03-14,192.65412884947742,9.3
Connecticut,2022-03-30,2022-04-11,198.422382599397,11
Connecticut,2022-04-27,2022-05-09,439.21924466935707,9.2
Delaware,2020-08-19,2020-08-31,86.06512665311713,7.7
Delaware,2020-09-02,2020-09-14,141.62360043153782,9.9
Delaware,2020-09-16,2020-09-28,126.47128940105945,9.3
Delaware,2020-09-30,2020-10-12,177.58508527720647,9.2
Delaware,2020-10-14,2020-10-26,179.20133178712416,12.4
Delaware,2020-10-28,2020-11-09,268.59996686694654,14.3
Delaware,2020-11-11,2020-11-23,515.0775596293947,11.3
Delaware,2020-11-25,2020-12-07,812.8709790817296,15.3
Delaware,2020-12-09,2020-12-21,968.939782695657,13.5
Delaware,2021-01-06,2021-01-18,990.9611413932853,9
Delaware,2021-01-20,2021-02-01,725.6946829530441,8.2
Delaware,2021-02-03,2021-02-15,458.9129934097549,9.1
Delaware,2021-02-17,2021-03-01,374.86817489403484,9
Delaware,2021-03-03,2021-03-15,345.57370690177663,8.8
Delaware,2021-03-17,2021-03-29,368.8072504818435,8.8
Delaware,2021-04-14,2021-04-26,436.7906193052564,5.5
Delaware,2021-04-28,2021-05-10,267.589812798248,4.6
Delaware,2021-05-12,2021-05-24,208.8998614068618,7.5
Delaware,2021-05-26,2021-06-07,69.09453829898135,9
Delaware,2021-06-09,2021-06-21,38.28483920367535,7.7
Delaware,2021-06-23,2021-07-05,31.718837757134725,9
Delaware,2021-07-21,2021-08-02,123.6428580087035,9.5
Delaware,2021-08-04,2021-08-16,303.85434386452624,8.4
Delaware,2021-08-18,2021-08-30,475.5805355432811,11.8
Delaware,2021-09-01,2021-09-13,575.4847729375686,7.5
Delaware,2021-09-15,2021-09-27,611.1432115626276,11.1
Delaware,2021-09-29,2021-10-11,587.9096679825607,11.8
Delaware,2021-12-01,2021-12-13,825.1948587198519,8.3
Delaware,2021-12-29,2022-01-10,3486.647783519942,12.7
Delaware,2022-01-26,2022-02-07,923.5838650110913,8.2
Delaware,2022-03-02,2022-03-14,158.5941887856736,5.6
Delaware,2022-03-30,2022-04-11,118.79411847895041,12
Delaware,2022-04-27,2022-05-09,374.767159487165,6.6
District of Columbia,2020-08-19,2020-08-31,96.73045268981721,11.3
District of Columbia,2020-09-02,2020-09-14,83.09827494942317,12.6
District of Columbia,2020-09-16,2020-09-28,83.67836761922717,12.7
District of Columbia,2020-09-30,2020-10-12,104.70672689962221,9.7
District of Columbia,2020-10-14,2020-10-26,107.89723658354423,13.8
District of Columbia,2020-10-28,2020-11-09,171.27236075963134,14.1
District of Columbia,2020-11-11,2020-11-23,307.01404549376764,13.1
District of Columbia,2020-11-25,2020-12-07,422.01741728241086,18.5
District of Columbia,2020-12-09,2020-12-21,456.9680006381019,16.3
District of Columbia,2021-01-06,2021-01-18,560.8045885330182,12.5
District of Columbia,2021-01-20,2021-02-01,398.6686873227998,13.1
District of Columbia,2021-02-03,2021-02-15,270.17816096121356,14.3
District of Columbia,2021-02-17,2021-03-01,225.2209790514035,12.4
District of Columbia,2021-03-03,2021-03-15,269.1629987890566,20.1
District of Columbia,2021-03-17,2021-03-29,220.14516819061845,12.5
District of Columbia,2021-04-14,2021-04-26,197.52155406826236,10.4
District of Columbia,2021-04-28,2021-05-10,104.99677323452423,14.5
District of Columbia,2021-05-12,2021-05-24,69.61112037648013,10.2
District of Columbia,2021-05-26,2021-06-07,44.52211240745709,12.9
District of Columbia,2021-06-09,2021-06-21,18.70798860117904,8.7
District of Columbia,2021-06-23,2021-07-05,16.677664256865036,11.8
District of Columbia,2021-07-21,2021-08-02,128.9255958639393,10
District of Columbia,2021-08-04,2021-08-16,286.7108020506276,15.2
District of Columbia,2021-08-18,2021-08-30,349.5058335569107,15.2
District of Columbia,2021-09-01,2021-09-13,339.35421183534066,14.2
District of Columbia,2021-09-15,2021-09-27,380.83083772632676,14.7
District of Columbia,2021-09-29,2021-10-11,198.3916930729684,13.5
District of Columbia,2021-12-01,2021-12-13,259.59146973729054,17
District of Columbia,2021-12-29,2022-01-10,3719.1191292809026,14.9
District of Columbia,2022-01-26,2022-02-07,497.574487524382,9.9
District of Columbia,2022-03-02,2022-03-14,87.01390047060018,17.6
District of Columbia,2022-03-30,2022-04-11,159.09041469374733,12.7
District of Columbia,2022-04-27,2022-05-09,85.27362246118817,20.8
Florida,2020-08-19,2020-08-31,202.14793380705632,11
Florida,2020-09-02,2020-09-14,161.0627672607727,8.6
Florida,2020-09-16,2020-09-28,150.69049219416658,9.9
Florida,2020-09-30,2020-10-12,146.04757587070816,7.1
Florida,2020-10-14,2020-10-26,200.8711318181052,10.2
Florida,2020-10-28,2020-11-09,285.5857830559276,8.9
Florida,2020-11-11,2020-11-23,429.7994069788697,10.1
Florida,2020-11-25,2020-12-07,522.2584426442207,10.9
Florida,2020-12-09,2020-12-21,644.4878577755871,12.8
Florida,2021-01-06,2021-01-18,868.9589332658314,10.6
Florida,2021-01-20,2021-02-01,640.768881800497,11.1
Florida,2021-02-03,2021-02-15,433.4069529621969,10.2
Florida,2021-02-17,2021-03-01,341.88578639418444,10.9
Florida,2021-03-03,2021-03-15,285.69721304769064,10.7
Florida,2021-03-17,2021-03-29,292.2901542270016,11.3
Florida,2021-04-14,2021-04-26,358.3542105934914,9.9
Florida,2021-04-28,2021-05-10,254.12538204817326,11.4
Florida,2021-05-12,2021-05-24,169.81930744681526,8.6
Florida,2021-05-26,2021-06-07,96.42872912190799,10.4
Florida,2021-06-09,2021-06-21,89.7290008671575,10.6
Florida,2021-06-23,2021-07-05,99.24233641392378,8.2
Florida,2021-07-21,2021-08-02,742.2769613802685,9.9
Florida,2021-08-04,2021-08-16,1354.491907791496,9.7
Florida,2021-08-18,2021-08-30,1284.9178066844715,10.4
Florida,2021-09-01,2021-09-13,889.7499125622784,11.2
Florida,2021-09-15,2021-09-27,472.2124475936624,8.8
Florida,2021-09-29,2021-10-11,207.51050216065076,10
Florida,2021-12-01,2021-12-13,119.13258994361965,10.2
Florida,2021-12-29,2022-01-10,3685.7512658795285,10.1
Florida,2022-01-26,2022-02-07,1382.9576277706199,10.3
Florida,2022-03-02,2022-03-14,87.34254187689986,11.9
Florida,2022-03-30,2022-04-11,100.68628339051938,11.1
Florida,2022-04-27,2022-05-09,249.07853200457404,9.3
Georgia,2020-08-19,2020-08-31,275.9265669570724,10.2
Georgia,2020-09-02,2020-09-14,206.8258988034625,12.3
Georgia,2020-09-16,2020-09-28,173.70388169875994,10.6
Georgia,2020-09-30,2020-10-12,369.2899528263312,10.1
Georgia,2020-10-14,2020-10-26,219.5407204766882,12.5
Georgia,2020-10-28,2020-11-09,249.70341418167524,11.7
Georgia,2020-11-11,2020-11-23,358.64759107341104,11.7
Georgia,2020-11-25,2020-12-07,464.7538048310348,16.1
Georgia,2020-12-09,2020-12-21,725.7623945239261,9.7
Georgia,2021-01-06,2021-01-18,1060.1099262615028,17.3
Georgia,2021-01-20,2021-02-01,783.7445952672484,15.1
Georgia,2021-02-03,2021-02-15,457.8362696916366,11.5
Georgia,2021-02-17,2021-03-01,359.78651048907443,16.7
Georgia,2021-03-03,2021-03-15,210.33601110091683,9.2
Georgia,2021-03-17,2021-03-29,193.0935179801768,14.3
Georgia,2021-04-14,2021-04-26,163.64031505871782,8.5
Georgia,2021-04-28,2021-05-10,133.53363378400937,12.1
Georgia,2021-05-12,2021-05-24,82.7770365466171,9.2
Georgia,2021-05-26,2021-06-07,50.299162390117615,7.9
Georgia,2021-06-09,2021-06-21,42.233372430009666,11
Georgia,2021-06-23,2021-07-05,36.17469455488229,13.1
Georgia,2021-07-21,2021-08-02,312.9227771560398,15.7
Georgia,2021-08-04,2021-08-16,706.5781371535304,13.4
Georgia,2021-08-18,2021-08-30,1031.636940869918,11
Georgia,2021-09-01,2021-09-13,885.6685475640753,10.3
Georgia,2021-09-15,2021-09-27,536.2163304613892,13.3
Georgia,2021-09-29,2021-10-11,297.3513215386092,10.8
Georgia,2021-12-01,2021-12-13,167.7572286841896,13.6
Georgia,2021-12-29,2022-01-10,2238.098012044166,12.5
Georgia,2022-01-26,2022-02-07,1117.6253567525039,12.7
Georgia,2022-03-02,2022-03-14,105.10732541765668,13.3
Georgia,2022-03-30,2022-04-11,157.60030799368332,14.4
Georgia,2022-04-27,2022-05-09,114.68545099528488,11.2
Hawaii,2020-08-19,2020-08-31,214.4617737864631,6.6
Hawaii,2020-09-02,2020-09-14,155.2288199242615,9.2
Hawaii,2020-09-16,2020-09-28,96.20201323327407,6.6
Hawaii,2020-09-30,2020-10-12,85.13878171144756,8
Hawaii,2020-10-14,2020-10-26,77.09904203409538,7.3
Hawaii,2020-10-28,2020-11-09,82.73373138061571,6.7
Hawaii,2020-11-11,2020-11-23,83.28345717052014,6.5
Hawaii,2020-11-25,2020-12-07,82.3214370381874,7
Hawaii,2020-12-09,2020-12-21,117.57260331580852,6.1
Hawaii,2021-01-06,2021-01-18,152.8924853171677,7.4
Hawaii,2021-01-20,2021-02-01,95.3087088246794,8.1
Hawaii,2021-02-03,2021-02-15,59.85139537584409,7.7
Hawaii,2021-02-17,2021-03-01,46.72669214187597,5.8
Hawaii,2021-03-03,2021-03-15,53.59826451568128,8.5
Hawaii,2021-03-17,2021-03-29,87.20025342358915,6.2
Hawaii,2021-04-14,2021-04-26,80.67225966847411,7.4
Hawaii,2021-04-28,2021-05-10,87.1315376998511,6.1
Hawaii,2021-05-12,2021-05-24,66.31067340722105,3.3
Hawaii,2021-05-26,2021-06-07,46.932839313090135,7.1
Hawaii,2021-06-09,2021-06-21,43.01604306002112,5.5
Hawaii,2021-07-21,2021-08-02,241.19219032056574,10
Hawaii,2021-08-04,2021-08-16,543.6788062154747,8.1
Hawaii,2021-08-18,2021-08-30,730.3107118880264,7
Hawaii,2021-09-01,2021-09-13,599.8882682332019,8.4
Hawaii,2021-09-15,2021-09-27,378.07391200676716,7.4
Hawaii,2021-09-29,2021-10-11,195.8398126534508,10.6
Hawaii,2021-12-01,2021-12-13,110.76974666574128,9.5
Hawaii,2021-12-29,2022-01-10,2866.6825629040914,7.5
Hawaii,2022-01-26,2022-02-07,1368.748501138276,8.4
Hawaii,2022-03-02,2022-03-14,87.20025342358915,5.9
Hawaii,2022-03-30,2022-04-11,153.0986324883819,12.5
Hawaii,2022-04-27,2022-05-09,504.85442230347473,8.2
Idaho,2020-08-19,2020-08-31,204.99090318883196,9.2
Idaho,2020-09-02,2020-09-14,178.40189744364926,10
Idaho,2020-09-16,2020-09-28,276.22116397858525,10.5
Idaho,2020-09-30,2020-10-12,370.2342333720841,8.5
Idaho,2020-10-14,2020-10-26,566.1990119112221,10
Idaho,2020-10-28,2020-11-09,730.300482952043,10.6
Idaho,2020-11-11,2020-11-23,956.5517158880457,10.1
Idaho,2020-11-25,2020-12-07,915.934154964423,12.5
Idaho,2020-12-09,2020-12-21,927.4614948784898,14.2
Idaho,2021-01-06,2021-01-18,571.3101909297234,11.6
Idaho,2021-01-20,2021-02-01,338.3165516288893,11.6
Idaho,2021-02-03,2021-02-15,205.80651686199707,15.1
Idaho,2021-02-17,2021-03-01,191.45171621429105,12.4
Idaho,2021-03-03,2021-03-15,203.52279857713478,11.7
Idaho,2021-03-17,2021-03-29,204.6646577195659,9.8
Idaho,2021-04-14,2021-04-26,149.85541888287028,12.2
Idaho,2021-04-28,2021-05-10,114.02279150848294,8.8
Idaho,2021-05-12,2021-05-24,111.03220804021086,10.4
Idaho,2021-05-26,2021-06-07,80.96325062285698,9.4
Idaho,2021-06-09,2021-06-21,59.376675406420304,13
Idaho,2021-06-23,2021-07-05,43.77126712652778,10.7
Idaho,2021-07-21,2021-08-02,214.1257763282812,8.6
Idaho,2021-08-04,2021-08-16,401.118804462603,10
Idaho,2021-08-18,2021-08-30,535.7494347797245,11.2
Idaho,2021-09-01,2021-09-13,759.0100842474549,12.7
Idaho,2021-09-15,2021-09-27,835.7321437698532,12.6
Idaho,2021-09-29,2021-10-11,810.1762486773463,11.5
Idaho,2021-12-01,2021-12-13,290.3584676467806,17
Idaho,2021-12-29,2022-01-10,610.4596472416489,10.9
Idaho,2022-01-26,2022-02-07,1545.261665178625,9.1
Idaho,2022-03-02,2022-03-14,617.8545445450126,11.5
Idaho,2022-03-30,2022-04-11,52.52552055183333,14.1
Idaho,2022-04-27,2022-05-09,80.41950817408022,12.1
Illinois,2020-08-19,2020-08-31,201.95889828907812,8.8
Illinois,2020-09-02,2020-09-14,208.81157693716173,10.7
Illinois,2020-09-16,2020-09-28,201.27987432281017,9.2
Illinois,2020-09-30,2020-10-12,242.59106804069896,9.6
Illinois,2020-10-14,2020-10-26,436.4797274663165,8.7
Illinois,2020-10-28,2020-11-09,865.7711667380033,10.1
Illinois,2020-11-11,2020-11-23,1195.5270584026173,12.9
Illinois,2020-11-25,2020-12-07,954.1145262114179,10.7
Illinois,2020-12-09,2020-12-21,789.2521901254618,10.4
Illinois,2021-01-06,2021-01-18,626.0132676600085,11
Illinois,2021-01-20,2021-02-01,405.11194217400686,12.7
Illinois,2021-02-03,2021-02-15,252.93252499822833,11.3
Illinois,2021-02-17,2021-03-01,181.99403270616492,13
Illinois,2021-03-03,2021-03-15,163.14526398734736,10.2
Illinois,2021-03-17,2021-03-29,214.05645171109356,11.3
Illinois,2021-04-14,2021-04-26,295.6564007608815,9.7
Illinois,2021-04-28,2021-05-10,240.42131329791175,8.8
Illinois,2021-05-12,2021-05-24,145.27990928864202,8.7
Illinois,2021-05-26,2021-06-07,65.17069101537341,12.3
Illinois,2021-06-09,2021-06-21,27.574616929019673,7.6
Illinois,2021-06-23,2021-07-05,23.149253838514674,8.2
Illinois,2021-07-21,2021-08-02,168.63208982971952,12
Illinois,2021-08-04,2021-08-16,310.21248923317745,9.8
Illinois,2021-08-18,2021-08-30,372.59684052489956,9.6
Illinois,2021-09-01,2021-09-13,398.01731245748294,11.6
Illinois,2021-09-15,2021-09-27,320.4056536003724,12.4
Illinois,2021-09-29,2021-10-11,228.034979568403,9.4
Illinois,2021-12-01,2021-12-13,737.0922226936365,7.7
Illinois,2021-12-29,2022-01-10,2819.0967763688423,9.1
Illinois,2022-01-26,2022-02-07,941.7594119746111,11.9
Illinois,2022-03-02,2022-03-14,117.72090210597332,11.2
Illinois,2022-03-30,2022-04-11,153.42819688385754,10.4
Illinois,2022-04-27,2022-05-09,460.8309317738572,14.4
Indiana,2020-08-19,2020-08-31,183.8913640913426,9.6
Indiana,2020-09-02,2020-09-14,173.41318170081973,10.5
Indiana,2020-09-16,2020-09-28,164.1139790448142,9.4
Indiana,2020-09-30,2020-10-12,259.4639650739043,9.5
Indiana,2020-10-14,2020-10-26,390.61072329227727,9.9
Indiana,2020-10-28,2020-11-09,707.8594326042129,12.7
Indiana,2020-11-11,2020-11-23,1203.753046188889,10.7
Indiana,2020-11-25,2020-12-07,1191.211649262961,12.5
Indiana,2020-12-09,2020-12-21,1115.2411426199994,10.3
Indiana,2021-01-06,2021-01-18,879.4599329632124,10.1
Indiana,2021-01-20,2021-02-01,486.4470384618559,12
Indiana,2021-02-03,2021-02-15,291.69432356627215,10.4
Indiana,2021-02-17,2021-03-01,172.55842139329468,13.6
Indiana,2021-03-03,2021-03-15,151.39573515870836,13.4
Indiana,2021-03-17,2021-03-29,165.32243327269447,9.2
Indiana,2021-04-14,2021-04-26,216.62278897088035,8.1
Indiana,2021-04-28,2021-05-10,206.5867239808015,9.6
Indiana,2021-05-12,2021-05-24,141.5217798821256,9.2
Indiana,2021-05-26,2021-06-07,88.85086024256329,9.7
Indiana,2021-06-09,2021-06-21,60.20165269379184,9.2
Indiana,2021-06-23,2021-07-05,42.8264388563425,9
Indiana,2021-07-21,2021-08-02,176.390105530476,11.8
Indiana,2021-08-04,2021-08-16,408.4427917768522,12
Indiana,2021-08-18,2021-08-30,721.1966408509404,12.2
Indiana,2021-09-01,2021-09-13,758.2608162548295,11.4
Indiana,2021-09-15,2021-09-27,600.2627945828239,11.9
Indiana,2021-09-29,2021-10-11,452.9050650148375,11.3
Indiana,2021-12-01,2021-12-13,900.917364131428,9.2
Indiana,2021-12-29,2022-01-10,2060.6207799894128,11.4
Indiana,2022-01-26,2022-02-07,1211.652210410155,10.2
Indiana,2022-03-02,2022-03-14,74.61467994826636,12.5
Indiana,2022-03-30,2022-04-11,33.36512648684082,10.9
Indiana,2022-04-27,2022-05-09,149.39146961002888,9.7
Iowa,2020-08-19,2020-08-31,377.7306010684031,7.2
Iowa,2020-09-02,2020-09-14,289.0888169989114,9.4
Iowa,2020-09-16,2020-09-28,361.52557901609504,8.8
Iowa,2020-09-30,2020-10-12,382.9337609536703,8.3
Iowa,2020-10-14,2020-10-26,491.07172242458483,9.5
Iowa,2020-10-28,2020-11-09,1286.9357745138573,12
Iowa,2020-11-11,2020-11-23,1597.4641177870021,9.6
Iowa,2020-11-25,2020-12-07,883.8789494255993,8.5
Iowa,2020-12-09,2020-12-21,705.2162304736537,12
Iowa,2021-01-06,2021-01-18,557.4276831300706,12
Iowa,2021-01-20,2021-02-01,403.87177784137197,9.9
Iowa,2021-02-03,2021-02-15,264.92233343541136,8.4
Iowa,2021-02-17,2021-03-01,205.99498051792753,11.1
Iowa,2021-03-03,2021-03-15,182.01656297437694,11.4
Iowa,2021-03-17,2021-03-29,199.6007358396474,10.8
Iowa,2021-04-14,2021-04-26,169.85496035098134,6.7
Iowa,2021-04-28,2021-05-10,137.2568502264158,6.5
Iowa,2021-05-12,2021-05-24,79.33251608199554,8.1
Iowa,2021-05-26,2021-06-07,37.268416286642704,9.9
Iowa,2021-06-09,2021-06-21,30.936860281679017,11.1
Iowa,2021-06-23,2021-07-05,30.842827271704305,7.6
Iowa,2021-07-21,2021-08-02,112.80826763299167,12.7
Iowa,2021-08-04,2021-08-16,254.29660330826937,9
Iowa,2021-08-18,2021-08-30,368.20192272429927,9.5
Iowa,2021-09-01,2021-09-13,514.7053522648947,8.4
Iowa,2021-09-15,2021-09-27,641.7439487407256,8.5
Iowa,2021-09-29,2021-10-11,493.95540139714245,7.7
Iowa,2021-12-01,2021-12-13,652.8711882543995,12.1
Iowa,2021-12-29,2022-01-10,1176.3529547836004,9.8
Iowa,2022-01-26,2022-02-07,1121.6884316516364,8.9
Iowa,2022-03-02,2022-03-14,84.7864306605286,9.5
Iowa,2022-03-30,2022-04-11,39.431175516060996,9.9
Iowa,2022-04-27,2022-05-09,126.50574275264083,8.9
Kansas,2020-08-19,2020-08-31,264.6466159271311,9.2
Kansas,2020-09-02,2020-09-14,251.2015466935341,9.2
Kansas,2020-09-16,2020-09-28,299.0932236851063,9.9
Kansas,2020-09-30,2020-10-12,313.38924666766513,12.9
Kansas,2020-10-14,2020-10-26,377.17673968984445,9.4
Kansas,2020-10-28,2020-11-09,835.1940855310631,12.5
Kansas,2020-11-11,2020-11-23,1329.9045570275164,11.4
Kansas,2020-11-25,2020-12-07,1093.2032622162922,11.4
Kansas,2020-12-09,2020-12-21,1026.35233569785,12.7
Kansas,2021-01-06,2021-01-18,946.9072936947732,11.8
Kansas,2021-01-20,2021-02-01,573.8832082998625,10
Kansas,2021-02-03,2021-02-15,366.79510395251,10.7
Kansas,2021-02-17,2021-03-01,234.18247171429738,10.2
Kansas,2021-03-03,2021-03-15,125.05616294743147,12.7
Kansas,2021-03-17,2021-03-29,101.1954198265416,12.6
Kansas,2021-04-14,2021-04-26,103.81635737334403,11
Kansas,2021-04-28,2021-05-10,101.12734352662466,11.5
Kansas,2021-05-12,2021-05-24,78.69620270399064,10.4
Kansas,2021-05-26,2021-06-07,52.62297983579996,9.8
Kansas,2021-06-09,2021-06-21,47.074761392568796,10.4
Kansas,2021-06-23,2021-07-05,58.78388497828366,8.7
Kansas,2021-07-21,2021-08-02,348.822960774436,9.9
Kansas,2021-08-04,2021-08-16,528.2720873555081,11.8
Kansas,2021-08-18,2021-08-30,629.9100031315098,10.3
Kansas,2021-09-01,2021-09-13,709.8315792340056,14.3
Kansas,2021-09-15,2021-09-27,555.6047217721623,15.3
Kansas,2021-09-29,2021-10-11,433.85025937070276,10.7
Kansas,2021-12-01,2021-12-13,813.2054406578894,8.3
Kansas,2021-12-29,2022-01-10,2282.326031015562,12.3
Kansas,2022-01-26,2022-02-07,1796.7037455580212,13
Kansas,2022-03-02,2022-03-14,100.54869497733058,11.5
Kansas,2022-03-30,2022-04-11,43.50075564692908,8.9
Kansas,2022-04-27,2022-05-09,143.6069546747995,14.3
Kentucky,2020-08-19,2020-08-31,191.17429040914934,8.9
Kentucky,2020-09-02,2020-09-14,209.0622028853247,9.9
Kentucky,2020-09-16,2020-09-28,200.11824664723702,9.7
Kentucky,2020-09-30,2020-10-12,247.5234340530814,12.5
Kentucky,2020-10-14,2020-10-26,355.0506498683041,9.9
Kentucky,2020-10-28,2020-11-09,524.4753692766448,12.6
Kentucky,2020-11-11,2020-11-23,805.5108974228089,9.4
Kentucky,2020-11-25,2020-12-07,900.2768853549042,12.6
Kentucky,2020-12-09,2020-12-21,821.4014003172774,13
Kentucky,2021-01-06,2021-01-18,1052.790203638126,13.1
Kentucky,2021-01-20,2021-02-01,760.7023424731838,11.2
Kentucky,2021-02-03,2021-02-15,506.7206174392499,11.6
Kentucky,2021-02-17,2021-03-01,311.26299314932896,11.4
Kentucky,2021-03-03,2021-03-15,225.64070241349222,12.9
Kentucky,2021-03-17,2021-03-29,176.34907262492464,8.3
Kentucky,2021-04-14,2021-04-26,152.29138388525462,10.9
Kentucky,2021-04-28,2021-05-10,155.7535604935466,9.8
Kentucky,2021-05-12,2021-05-24,118.15787347786294,10.1
Kentucky,2021-05-26,2021-06-07,69.39888624441724,8.7
Kentucky,2021-06-09,2021-06-21,49.7798854640959,12.7
Kentucky,2021-06-23,2021-07-05,34.06693008800143,9
Kentucky,2021-07-21,2021-08-02,325.93285685497654,8.8
Kentucky,2021-08-04,2021-08-16,697.8061340892123,13.3
Kentucky,2021-08-18,2021-08-30,1143.7167264853847,10.9
Kentucky,2021-09-01,2021-09-13,1194.5618970597243,10.6
Kentucky,2021-09-15,2021-09-27,1055.7863180106865,9.1
Kentucky,2021-09-29,2021-10-11,684.245942373402,17.8
Kentucky,2021-12-01,2021-12-13,647.6045732689784,13.2
Kentucky,2021-12-29,2022-01-10,1908.1697602842178,10.6
Kentucky,2022-01-26,2022-02-07,2268.34709474557,10.3
Kentucky,2022-03-02,2022-03-14,395.02103494223934,12
Kentucky,2022-03-30,2022-04-11,153.84492467102663,10.4
Kentucky,2022-04-27,2022-05-09,165.96254280004865,14.7
Louisiana,2020-08-19,2020-08-31,207.0953894760933,9.3
Louisiana,2020-09-02,2020-09-14,199.64545166267797,11
Louisiana,2020-09-16,2020-09-28,151.61804276178424,11.6
Louisiana,2020-09-30,2020-10-12,167.44110952975865,10
Louisiana,2020-10-14,2020-10-26,181.9115939281504,9.7
Louisiana,2020-10-28,2020-11-09,185.668767176991,9.4
Louisiana,2020-11-11,2020-11-23,568.0416561018534,10.5
Louisiana,2020-11-25,2020-12-07,595.4153469148348,12.4
Louisiana,2020-12-09,2020-12-21,702.0331889362196,11.4
Louisiana,2021-01-06,2021-01-18,929.6964182545373,11.1
Louisiana,2021-01-20,2021-02-01,633.3950010702576,10.1
Louisiana,2021-02-03,2021-02-15,347.80689503552895,8.9
Louisiana,2021-02-17,2021-03-01,217.05726597587642,12.9
Louisiana,2021-03-03,2021-03-15,135.12941958972957,11.6
Louisiana,2021-03-17,2021-03-29,114.81921448456845,9.8
Louisiana,2021-04-14,2021-04-26,132.10221142923515,13.1
Louisiana,2021-04-28,2021-05-10,128.47385554892622,11.4
Louisiana,2021-05-12,2021-05-24,104.87880754620733,9.5
Louisiana,2021-05-26,2021-06-07,93.00614007987105,8.3
Louisiana,2021-06-09,2021-06-21,91.46033165749095,11.6
Louisiana,2021-06-23,2021-07-05,87.93932358429176,9.1
Louisiana,2021-07-21,2021-08-02,1101.2382140158877,16.2
Louisiana,2021-08-04,2021-08-16,1515.8798537579353,10.1
Louisiana,2021-08-18,2021-08-30,1029.6586962351191,12.7
Louisiana,2021-09-01,2021-09-13,792.4415120840353,12.2
Louisiana,2021-09-15,2021-09-27,389.8442962996996,14.1
Louisiana,2021-09-29,2021-10-11,218.5601352754126,10.1
Louisiana,2021-12-01,2021-12-13,133.36891555312997,9.5
Louisiana,2021-12-29,2022-01-10,2803.860313021912,11
Louisiana,2022-01-26,2022-02-07,2474.023440896552,11
Louisiana,2022-03-02,2022-03-14,97.75091315412118,10.5
Louisiana,2022-03-30,2022-04-11,33.17047239690692,12.4
Louisiana,2022-04-27,2022-05-09,96.7847828901336,9.9
Maine,2020-08-19,2020-08-31,22.974854645508266,11.8
Maine,2020-09-02,2020-09-14,26.057742489314492,10.7
Maine,2020-09-16,2020-09-28,28.03959896033278,7.8
Maine,2020-09-30,2020-10-12,30.461867980466238,9.7
Maine,2020-10-14,2020-10-26,34.792591380098784,10.3
Maine,2020-10-28,2020-11-09,115.7550983257717,11.6
Maine,2020-11-11,2020-11-23,182.33079533368223,10.5
Maine,2020-11-25,2020-12-07,218.44462436112656,11.6
Maine,2020-12-09,2020-12-21,384.33335119450885,11.3
Maine,2021-01-06,2021-01-18,536.64269109684,7.9
Maine,2021-01-20,2021-02-01,387.6364453128727,6.4
Maine,2021-02-03,2021-02-15,199.43348265765482,8.9
Maine,2021-02-17,2021-03-01,146.36377048927633,14.5
Maine,2021-03-03,2021-03-15,165.5217163757864,9.4
Maine,2021-03-17,2021-03-29,193.92832579371512,11.2
Maine,2021-04-14,2021-04-26,380.07602988639553,6.9
Maine,2021-04-28,2021-05-10,277.3131017595215,7.1
Maine,2021-05-12,2021-05-24,192.68049023788876,9.3
Maine,2021-05-26,2021-06-07,82.94436341669119,12.4
Maine,2021-06-09,2021-06-21,37.65527294934742,9.8
Maine,2021-06-23,2021-07-05,18.644131245875723,10.5
Maine,2021-07-21,2021-08-02,61.36414851004765,10.8
Maine,2021-08-04,2021-08-16,132.41737310062913,8.5
Maine,2021-08-18,2021-08-30,182.40419742520146,13
Maine,2021-09-01,2021-09-13,341.61333393033703,11.6
Maine,2021-09-15,2021-09-27,441.29337421340483,9
Maine,2021-09-29,2021-10-11,495.0237052054561,11.5
Maine,2021-12-01,2021-12-13,758.6106158508879,10.6
Maine,2021-12-29,2022-01-10,745.9854561095863,11.1
Maine,2022-01-26,2022-02-07,920.1686192846378,14.3
Maine,2022-03-02,2022-03-14,364.14777602673007,9.1
Maine,2022-03-30,2022-04-11,177.9266698425305,11.5
Maine,2022-04-27,2022-05-09,626.2666448417781,10.8
Maryland,2020-08-19,2020-08-31,112.70434745445526,10.1
Maryland,2020-09-02,2020-09-14,126.17318070382423,9.3
Maryland,2020-09-16,2020-09-28,107.2650109499024,9.2
Maryland,2020-09-30,2020-10-12,122.25556334042604,10.8
Maryland,2020-10-14,2020-10-26,137.52132025647765,9.9
Maryland,2020-10-28,2020-11-09,219.95316990285602,9.8
Maryland,2020-11-11,2020-11-23,436.943844030911,11.5
Maryland,2020-11-25,2020-12-07,515.3609453048814,11.2
Maryland,2020-12-09,2020-12-21,535.2889906534068,11.1
Maryland,2021-01-06,2021-01-18,623.0954227983315,10.8
Maryland,2021-01-20,2021-02-01,411.5440851748294,13.5
Maryland,2021-02-03,2021-02-15,245.5471907769574,9.3
Maryland,2021-02-17,2021-03-01,169.6716842387454,10.6
Maryland,2021-03-03,2021-03-15,176.2604043499151,10.6
Maryland,2021-03-17,2021-03-29,232.4668815636279,10.9
Maryland,2021-04-14,2021-04-26,243.08653854870732,10.5
Maryland,2021-04-28,2021-05-10,144.30430238566709,9.8
Maryland,2021-05-12,2021-05-24,76.39353858626464,8.8
Maryland,2021-05-26,2021-06-07,32.40938000629409,7.6
Maryland,2021-06-09,2021-06-21,16.900795567717793,8.7
Maryland,2021-06-23,2021-07-05,13.047932210326191,11.6
Maryland,2021-07-21,2021-08-02,81.78430958631257,9.9
Maryland,2021-08-04,2021-08-16,174.9815127312851,7.9
Maryland,2021-08-18,2021-08-30,232.418316059123,10.7
Maryland,2021-09-01,2021-09-13,237.09679299309855,9.8
Maryland,2021-09-15,2021-09-27,259.45311356687085,10.9
Maryland,2021-09-29,2021-10-11,247.55456496316143,12.1
Maryland,2021-12-01,2021-12-13,105.80804581475432,10.9
Maryland,2021-12-29,2022-01-10,2675.4088891709284,13.3
Maryland,2022-01-26,2022-02-07,398.5447184690081,11.5
Maryland,2022-03-02,2022-03-14,67.1822812318284,8.7
Maryland,2022-03-30,2022-04-11,93.2457686494775,12.3
Maryland,2022-04-27,2022-05-09,220.09886641637084,11.9
Massachusetts,2020-08-19,2020-08-31,63.585387992489814,9.1
Massachusetts,2020-09-02,2020-09-14,56.17420518620633,8.6
Massachusetts,2020-09-16,2020-09-28,80.78331508039143,9.9
Massachusetts,2020-09-30,2020-10-12,114.923120713943,8.6
Massachusetts,2020-10-14,2020-10-26,161.6662045938807,10.8
Massachusetts,2020-10-28,2020-11-09,280.0886553852627,10.9
Massachusetts,2020-11-11,2020-11-23,479.9772173697072,10.7
Massachusetts,2020-11-25,2020-12-07,684.588452466793,11.5
Massachusetts,2020-12-09,2020-12-21,909.3563978066883,10.9
Massachusetts,2021-01-06,2021-01-18,1084.493600706808,10.7
Massachusetts,2021-01-20,2021-02-01,709.7807840405513,10.8
Massachusetts,2021-02-03,2021-02-15,436.5343147010129,9.3
Massachusetts,2021-02-17,2021-03-01,312.4787959800948,12.1
Massachusetts,2021-03-03,2021-03-15,293.31783006826396,10.3
Massachusetts,2021-03-17,2021-03-29,375.039989803578,8.9
Massachusetts,2021-04-14,2021-04-26,298.23965204710095,9.2
Massachusetts,2021-04-28,2021-05-10,188.36637758312082,8.6
Massachusetts,2021-05-12,2021-05-24,98.7636127140619,8.9
Massachusetts,2021-05-26,2021-06-07,36.942114679305604,7.9
Massachusetts,2021-06-09,2021-06-21,16.031483728755262,9.7
Massachusetts,2021-06-23,2021-07-05,9.416896387254644,10.3
Massachusetts,2021-07-21,2021-08-02,119.4324200413746,9.7
Massachusetts,2021-08-04,2021-08-16,207.58424317100756,10.5
Massachusetts,2021-08-18,2021-08-30,270.9420324592737,11.3
Massachusetts,2021-09-01,2021-09-13,316.3337490328833,9.9
Massachusetts,2021-09-15,2021-09-27,333.31830233557525,10.9
Massachusetts,2021-09-29,2021-10-11,210.69950043506913,12.3
Massachusetts,2021-12-01,2021-12-13,884.2778655850418,10.5
Massachusetts,2021-12-29,2022-01-10,3769.3617150814152,9.1
Massachusetts,2022-01-26,2022-02-07,937.1092148029629,10.8
Massachusetts,2022-03-02,2022-03-14,143.65745712218222,9.9
Massachusetts,2022-03-30,2022-04-11,261.9803334804664,12
Massachusetts,2022-04-27,2022-05-09,604.843556474422,12.9
Michigan,2020-08-19,2020-08-31,95.62055667319055,10.2
Michigan,2020-09-02,2020-09-14,102.27906575659767,9
Michigan,2020-09-16,2020-09-28,107.21092717903184,8.4
Michigan,2020-09-30,2020-10-12,142.74612990284828,12.8
Michigan,2020-10-14,2020-10-26,265.76481411595995,12.8
Michigan,2020-10-28,2020-11-09,554.2340526474718,9.1
Michigan,2020-11-11,2020-11-23,944.8732010489682,11.8
Michigan,2020-11-25,2020-12-07,878.5560383002205,9.8
Michigan,2020-12-09,2020-12-21,574.179810110435,13.9
Michigan,2021-01-06,2021-01-18,386.2729129369671,12.3
Michigan,2021-01-20,2021-02-01,247.84340218655117,14
Michigan,2021-02-03,2021-02-15,173.79601801310287,12.2
Michigan,2021-02-17,2021-03-01,157.75010268095787,12.7
Michigan,2021-03-03,2021-03-15,243.79471111944224,11.1
Michigan,2021-03-17,2021-03-29,556.0599329326387,9.1
Michigan,2021-04-14,2021-04-26,769.3505353748925,10.2
Michigan,2021-04-28,2021-05-10,411.41845990768786,10.6
Michigan,2021-05-12,2021-05-24,200.33082172253745,8.7
Michigan,2021-05-26,2021-06-07,67.01179111810458,7.3
Michigan,2021-06-09,2021-06-21,29.432396335894886,8.3
Michigan,2021-06-23,2021-07-05,18.278649376506536,11.9
Michigan,2021-07-21,2021-08-02,65.56299480487442,9
Michigan,2021-08-04,2021-08-16,181.89340014732073,11.6
Michigan,2021-08-18,2021-08-30,273.5049588030799,13
Michigan,2021-09-01,2021-09-13,341.7373111987688,12.5
Michigan,2021-09-15,2021-09-27,455.2395867516906,11.4
Michigan,2021-09-29,2021-10-11,565.8541929405712,10.6
Michigan,2021-12-01,2021-12-13,1091.479480032957,11.2
Michigan,2021-12-29,2022-01-10,2207.816732426473,9.8
Michigan,2022-01-26,2022-02-07,1366.6317003976549,10.9
Michigan,2022-03-02,2022-03-14,127.77192691199684,9.9
Michigan,2022-03-30,2022-04-11,76.29996474264863,9.4
Michigan,2022-04-27,2022-05-09,331.7048928927709,12.1
Minnesota,2020-08-19,2020-08-31,171.83931149318656,8.1
Minnesota,2020-09-02,2020-09-14,150.65292279287425,8.1
Minnesota,2020-09-16,2020-09-28,215.31609426032867,11.2
Minnesota,2020-09-30,2020-10-12,262.73575333646187,8.4
Minnesota,2020-10-14,2020-10-26,364.46196210843294,8.1
Minnesota,2020-10-28,2020-11-09,828.0565965722561,11.1
Minnesota,2020-11-11,2020-11-23,1521.442062324082,9.5
Minnesota,2020-11-25,2020-12-07,1283.4325244186712,10.4
Minnesota,2020-12-09,2020-12-21,702.8483688934048,12.1
Minnesota,2021-01-06,2021-01-18,387.22550133234176,10
Minnesota,2021-01-20,2021-02-01,249.89073851650417,8
Minnesota,2021-02-03,2021-02-15,193.41122587704464,11.5
Minnesota,2021-02-17,2021-03-01,185.9109989426082,10.2
Minnesota,2021-03-03,2021-03-15,220.15268919935772,11
Minnesota,2021-03-17,2021-03-29,310.0327451496488,10.2
Minnesota,2021-04-14,2021-04-26,421.2043331684918,8
Minnesota,2021-04-28,2021-05-10,323.2983334425656,7.5
Minnesota,2021-05-12,2021-05-24,170.10444591723044,10.8
Minnesota,2021-05-26,2021-06-07,59.633813686652424,11.6
Minnesota,2021-06-09,2021-06-21,28.090803214723437,8.1
Minnesota,2021-06-23,2021-07-05,17.050749549548286,7.3
Minnesota,2021-07-21,2021-08-02,86.21756195660592,12.6
Minnesota,2021-08-04,2021-08-16,198.37048807902016,11.2
Minnesota,2021-08-18,2021-08-30,293.34999738893964,11.9
Minnesota,2021-09-01,2021-09-13,336.66906510372223,9.5
Minnesota,2021-09-15,2021-09-27,458.9858501559802,9.4
Minnesota,2021-09-29,2021-10-11,572.9437374331769,9.6
Minnesota,2021-12-01,2021-12-13,842.1107601269711,9.7
Minnesota,2021-12-29,2022-01-10,1135.7060920418037,10.4
Minnesota,2022-01-26,2022-02-07,1751.6709909797505,9.4
Minnesota,2022-03-02,2022-03-14,117.62038127088192,12.7
Minnesota,2022-03-30,2022-04-11,91.36958700035434,8.5
Minnesota,2022-04-27,2022-05-09,334.00543310831483,11.3
Mississippi,2020-08-19,2020-08-31,329.01324056260825,8.4
Mississippi,2020-09-02,2020-09-14,217.27098324744142,10.4
Mississippi,2020-09-16,2020-09-28,220.37774893888758,9
Mississippi,2020-09-30,2020-10-12,256.3081695443084,8.8
Mississippi,2020-10-14,2020-10-26,331.6810067541761,13.1
Mississippi,2020-10-28,2020-11-09,357.5482080546953,11.8
Mississippi,2020-11-11,2020-11-23,531.5608559679787,10.7
Mississippi,2020-11-25,2020-12-07,731.103013258798,13.5
Mississippi,2020-12-09,2020-12-21,931.1517084340923,11.7
Mississippi,2021-01-06,2021-01-18,962.0167501947637,15.4
Mississippi,2021-01-20,2021-02-01,695.0037466918856,10.9
Mississippi,2021-02-03,2021-02-15,386.62348262355556,9.8
Mississippi,2021-02-17,2021-03-01,212.07052763349893,13.3
Mississippi,2021-03-03,2021-03-15,188.6347081784593,9.2
Mississippi,2021-03-17,2021-03-29,116.33486746773946,9.8
Mississippi,2021-04-14,2021-04-26,106.40672493203105,9.2
Mississippi,2021-04-28,2021-05-10,84.96328782259287,6.2
Mississippi,2021-05-12,2021-05-24,94.95896874289791,9.9
Mississippi,2021-05-26,2021-06-07,54.36839960030784,9.4
Mississippi,2021-06-09,2021-06-21,51.63309502414328,12.2
Mississippi,2021-06-23,2021-07-05,67.94361490423563,6.8
Mississippi,2021-07-21,2021-08-02,634.6244308624754,12.4
Mississippi,2021-08-04,2021-08-16,1314.1618874817266,8.7
Mississippi,2021-08-18,2021-08-30,1462.2735649021924,10.7
Mississippi,2021-09-01,2021-09-13,923.6887169361617,10
Mississippi,2021-09-15,2021-09-27,625.743133288015,10.4
Mississippi,2021-09-29,2021-10-11,307.87372618385496,13.4
Mississippi,2021-12-01,2021-12-13,191.8090122545022,9.3
Mississippi,2021-12-29,2022-01-10,2288.6394696345733,13.3
Mississippi,2022-01-26,2022-02-07,2345.439251080361,9.5
Mississippi,2022-03-02,2022-03-14,93.94589297394808,12.5
Mississippi,2022-03-30,2022-04-11,51.73440260103826,10.7
Mississippi,2022-04-27,2022-05-09,82.63321355400825,13.4
Missouri,2020-08-19,2020-08-31,252.9523975399815,11.2
Missouri,2020-09-02,2020-09-14,302.89623915074026,10.7
Missouri,2020-09-16,2020-09-28,328.3068339065069,9.3
Missouri,2020-09-30,2020-10-12,335.4068530294417,11.7
Missouri,2020-10-14,2020-10-26,442.5245328406754,12.8
Missouri,2020-10-28,2020-11-09,689.1567760584105,11.4
Missouri,2020-11-11,2020-11-23,1006.2855478217158,10.6
Missouri,2020-11-25,2020-12-07,803.5531940094035,12.6
Missouri,2020-12-09,2020-12-21,720.5788286528177,11.3
Missouri,2021-01-06,2021-01-18,675.4441533129713,16.4
Missouri,2021-01-20,2021-02-01,386.78044677479596,12.8
Missouri,2021-02-03,2021-02-15,212.04198987053107,12.6
Missouri,2021-02-17,2021-03-01,138.03606972186284,15.1
Missouri,2021-03-03,2021-03-15,859.394763175369,14.1
Missouri,2021-03-17,2021-03-29,136.3138682870091,8.7
Missouri,2021-04-14,2021-04-26,126.74427729522739,10
Missouri,2021-04-28,2021-05-10,129.5712871977232,13.2
Missouri,2021-05-12,2021-05-24,209.4261933515551,8.7
Missouri,2021-05-26,2021-06-07,88.02723937771337,10
Missouri,2021-06-09,2021-06-21,128.32025407995204,10.7
Missouri,2021-06-23,2021-07-05,188.59730429983333,13.2
Missouri,2021-07-21,2021-08-02,540.3975653270809,11.5
Missouri,2021-08-04,2021-08-16,600.5121437134854,10.7
Missouri,2021-08-18,2021-08-30,523.7442023957121,11.8
Missouri,2021-09-01,2021-09-13,483.3699517767351,12.4
Missouri,2021-09-15,2021-09-27,397.35736313413355,18.4
Missouri,2021-09-29,2021-10-11,298.5744883802581,13.7
Missouri,2021-12-01,2021-12-13,574.1104707735105,11.5
Missouri,2021-12-29,2022-01-10,1902.5939115630065,13.4
Missouri,2022-01-26,2022-02-07,1209.521564317806,9.8
Missouri,2022-03-02,2022-03-14,109.19731927973639,12.7
Missouri,2022-03-30,2022-04-11,45.60584365692903,11.4
Missouri,2022-04-27,2022-05-09,236.5102479921325,12
Montana,2020-08-19,2020-08-31,145.08058751642878,9.3
Montana,2020-09-02,2020-09-14,151.07565311628122,9.4
Montana,2020-09-16,2020-09-28,300.39890244183636,10.8
Montana,2020-09-30,2020-10-12,588.4387465701307,8.7
Montana,2020-10-14,2020-10-26,820.678364730568,10.3
Montana,2020-10-28,2020-11-09,986.511102400332,7.4
Montana,2020-11-11,2020-11-23,1402.7531185870093,9.9
Montana,2020-11-25,2020-12-07,1023.0348866702022,11.7
Montana,2020-12-09,2020-12-21,737.0241416680118,12.7
Montana,2021-01-06,2021-01-18,558.4634185708686,12.4
Montana,2021-01-20,2021-02-01,386.8200788581706,9.3
Montana,2021-02-03,2021-02-15,287.3019899006203,9.4
Montana,2021-02-17,2021-03-01,217.29807005003573,10.2
Montana,2021-03-03,2021-03-15,164.44926099287508,11
Montana,2021-03-17,2021-03-29,168.2307639097051,10.4
Montana,2021-04-14,2021-04-26,155.96393737462242,10.9
Montana,2021-04-28,2021-05-10,152.09020267933315,9.6
Montana,2021-05-12,2021-05-24,103.39182365283958,7.5
Montana,2021-05-26,2021-06-07,93.06186446540156,7
Montana,2021-06-09,2021-06-21,65.30009914916184,12.4
Montana,2021-06-23,2021-07-05,49.06730614033066,9.9
Montana,2021-07-21,2021-08-02,160.39106274066728,11.8
Montana,2021-08-04,2021-08-16,303.44255113099223,9.6
Montana,2021-08-18,2021-08-30,497.4982130092924,11
Montana,2021-09-01,2021-09-13,720.4224215453435,9.7
Montana,2021-09-15,2021-09-27,1026.724157808573,7.4
Montana,2021-09-29,2021-10-11,942.1476169614239,9.1
Montana,2021-12-01,2021-12-13,266.918766861122,10
Montana,2021-12-29,2022-01-10,799.5572874633955,14.9
Montana,2022-01-26,2022-02-07,2021.812815605617,11.7
Montana,2022-03-02,2022-03-14,415.2274666236251,10
Montana,2022-03-30,2022-04-11,37.81502916829994,12.1
Montana,2022-04-27,2022-05-09,86.79010353017131,12.6
Nebraska,2020-08-19,2020-08-31,176.4972184609361,7.7
Nebraska,2020-09-02,2020-09-14,207.39187888477414,8.6
Nebraska,2020-09-16,2020-09-28,285.9030621400721,8.1
Nebraska,2020-09-30,2020-10-12,397.39913862016084,8.6
Nebraska,2020-10-14,2020-10-26,568.3903779956605,9.3
Nebraska,2020-10-28,2020-11-09,1019.5747752744834,9.1
Nebraska,2020-11-11,2020-11-23,1462.704129076464,9.7
Nebraska,2020-11-25,2020-12-07,1222.9901137086642,8.3
Nebraska,2020-12-09,2020-12-21,754.0642282656574,10.6
Nebraska,2021-01-06,2021-01-18,569.0021534495978,12.1
Nebraska,2021-01-20,2021-02-01,429.5173499518736,9.9
Nebraska,2021-02-03,2021-02-15,265.5105470088258,11.6
Nebraska,2021-02-17,2021-03-01,186.18366314827804,10.7
Nebraska,2021-03-03,2021-03-15,180.7796466384978,10.6
Nebraska,2021-03-17,2021-03-29,164.21072809436023,9
Nebraska,2021-04-14,2021-04-26,211.57234448667964,7.8
Nebraska,2021-04-28,2021-05-10,122.86490366575852,10.2
Nebraska,2021-05-12,2021-05-24,58.27161198753608,8.8
Nebraska,2021-05-26,2021-06-07,45.32236487919474,8
Nebraska,2021-06-09,2021-06-21,19.576814525996376,9.7
Nebraska,2021-06-23,2021-07-05,20.953309297355496,8
Nebraska,2021-07-21,2021-08-02,137.03770168197465,7.9
Nebraska,2021-08-04,2021-08-16,253.73386952053116,11.4
Nebraska,2021-08-18,2021-08-30,410.04249800153354,8.8
Nebraska,2021-09-01,2021-09-13,486.0555981532538,8.9
Nebraska,2021-09-15,2021-09-27,455.4158441685564,10.3
Nebraska,2021-09-29,2021-10-11,409.43072254759613,11.9
Nebraska,2021-12-01,2021-12-13,644.8623097378339,11.2
Nebraska,2021-12-29,2022-01-10,1474.6337504282428,13
Nebraska,2022-01-26,2022-02-07,1113.6862326051846,10.2
Nebraska,2022-03-02,2022-03-14,64.33838523908184,13.8
Nebraska,2022-03-30,2022-04-11,23.400411113105044,9.8
Nebraska,2022-04-27,2022-05-09,64.23642266342561,10.4
Nevada,2020-08-19,2020-08-31,211.4916701399916,9.9
Nevada,2020-09-02,2020-09-14,134.6705258689164,9.7
Nevada,2020-09-16,2020-09-28,166.97727962316733,11.1
Nevada,2020-09-30,2020-10-12,217.16065185559296,10.7
Nevada,2020-10-14,2020-10-26,301.48675487516323,12.9
Nevada,2020-10-28,2020-11-09,456.9006002034392,11.8
Nevada,2020-11-11,2020-11-23,775.2976698552542,11.5
Nevada,2020-11-25,2020-12-07,985.211043949425,12.3
Nevada,2020-12-09,2020-12-21,1035.3944161818506,14.5
Nevada,2021-01-06,2021-01-18,874.7303207419664,12.3
Nevada,2021-01-20,2021-02-01,483.3129013784,13.1
Nevada,2021-02-03,2021-02-15,281.484268253638,13.8
Nevada,2021-02-17,2021-03-01,159.53674112144054,11.3
Nevada,2021-03-03,2021-03-15,167.2671707336242,12.2
Nevada,2021-03-17,2021-03-29,110.06199160346503,11.7
Nevada,2021-04-14,2021-04-26,158.6348576666858,9.8
Nevada,2021-04-28,2021-05-10,151.22652928834307,6.9
Nevada,2021-05-12,2021-05-24,112.9609027080339,8.4
Nevada,2021-05-26,2021-06-07,96.53373978214361,12.2
Nevada,2021-06-09,2021-06-21,101.4296785365266,13.7
Nevada,2021-06-23,2021-07-05,156.1546781661102,9.6
Nevada,2021-07-21,2021-08-02,411.16222499801904,11.6
Nevada,2021-08-04,2021-08-16,434.90108593209976,9.7
Nevada,2021-08-18,2021-08-30,473.71428460993866,13.4
Nevada,2021-09-01,2021-09-13,459.02646834678967,12.3
Nevada,2021-09-15,2021-09-27,395.05716330596977,11.3
Nevada,2021-09-29,2021-10-11,602.7802490100219,7.4
Nevada,2021-12-01,2021-12-13,293.78853538636366,16.1
Nevada,2021-12-29,2022-01-10,1663.9427638991515,11.9
Nevada,2022-01-26,2022-02-07,1097.94647579377,15.2
Nevada,2022-03-02,2022-03-14,129.5813263742288,10.6
Nevada,2022-03-30,2022-04-11,64.87118849557466,8.5
Nevada,2022-04-27,2022-05-09,145.8796488065827,11.1
New Hampshire,2020-08-19,2020-08-31,18.729188278431888,7.3
New Hampshire,2020-09-02,2020-09-14,30.27159500816317,8.8
New Hampshire,2020-09-16,2020-09-28,33.393126387901816,7.3
New Hampshire,2020-09-30,2020-10-12,70.77890919174841,7.6
New Hampshire,2020-10-14,2020-10-26,81.15981587320485,7.8
New Hampshire,2020-10-28,2020-11-09,157.4558502942588,7.9
New Hampshire,2020-11-11,2020-11-23,371.8977967070022,8.8
New Hampshire,2020-11-25,2020-12-07,539.6619599297002,8.9
New Hampshire,2020-12-09,2020-12-21,781.4717512299198,8
New Hampshire,2021-01-06,2021-01-18,716.6455297855799,10.2
New Hampshire,2021-01-20,2021-02-01,533.4914909232401,7.2
New Hampshire,2021-02-03,2021-02-15,336.326857728585,8.1
New Hampshire,2021-02-17,2021-03-01,317.45248194411874,10.7
New Hampshire,2021-03-03,2021-03-15,218.50719658170533,8.6
New Hampshire,2021-03-17,2021-03-29,309.9753253833495,12.3
New Hampshire,2021-04-14,2021-04-26,314.33095056438015,9.1
New Hampshire,2021-04-28,2021-05-10,188.59857033862806,9.7
New Hampshire,2021-05-12,2021-05-24,102.79275427232383,8.5
New Hampshire,2021-05-26,2021-06-07,37.24059529781224,10.8
New Hampshire,2021-06-09,2021-06-21,27.948594911613476,11.2
New Hampshire,2021-06-23,2021-07-05,15.026906874555818,7.6
New Hampshire,2021-07-21,2021-08-02,69.76259664950793,10.9
New Hampshire,2021-08-04,2021-08-16,167.47378821062932,11.6
New Hampshire,2021-08-18,2021-08-30,271.57323003726236,9.6
New Hampshire,2021-09-01,2021-09-13,336.6172327406537,12.8
New Hampshire,2021-09-15,2021-09-27,432.5861742293629,8.1
New Hampshire,2021-09-29,2021-10-11,484.56330138966223,6.8
New Hampshire,2021-12-01,2021-12-13,1223.5677071045327,14.1
New Hampshire,2021-12-29,2022-01-10,2075.8183675262007,12.3
New Hampshire,2022-01-26,2022-02-07,1319.7544298522935,9.3
New Hampshire,2022-03-02,2022-03-14,136.83922443738027,8.4
New Hampshire,2022-03-30,2022-04-11,153.31800637227963,10.1
New Hampshire,2022-04-27,2022-05-09,426.8512677410058,10.1
New Jersey,2020-08-19,2020-08-31,40.940924280928584,7.6
New Jersey,2020-09-02,2020-09-14,50.45756300413155,6.9
New Jersey,2020-09-16,2020-09-28,72.1821975555157,9.1
New Jersey,2020-09-30,2020-10-12,102.60529827018942,8
New Jersey,2020-10-14,2020-10-26,157.17525493072768,9
New Jersey,2020-10-28,2020-11-09,272.72059816165233,9.2
New Jersey,2020-11-11,2020-11-23,529.3361154071151,8.2
New Jersey,2020-11-25,2020-12-07,621.5958369657683,8.8
New Jersey,2020-12-09,2020-12-21,632.7918825224777,8.4
New Jersey,2021-01-06,2021-01-18,857.5202007881585,10.7
New Jersey,2021-01-20,2021-02-01,695.9311202052664,9.5
New Jersey,2021-02-03,2021-02-15,472.9898630572912,11.6
New Jersey,2021-02-17,2021-03-01,446.0224648654096,9.6
New Jersey,2021-03-03,2021-03-15,485.1009700296933,9.5
New Jersey,2021-03-17,2021-03-29,599.7204864165054,8.3
New Jersey,2021-04-14,2021-04-26,408.77408253251104,7.3
New Jersey,2021-04-28,2021-05-10,183.39983856163542,6
New Jersey,2021-05-12,2021-05-24,60.10338686837347,7.5
New Jersey,2021-05-26,2021-06-07,38.03425860755212,9.9
New Jersey,2021-06-09,2021-06-21,32.468532114457176,8.4
New Jersey,2021-06-23,2021-07-05,29.680286153699747,6.7
New Jersey,2021-07-21,2021-08-02,121.19719315137895,11
New Jersey,2021-08-04,2021-08-16,212.78945814799746,6.9
New Jersey,2021-08-18,2021-08-30,277.52197923693353,10.6
New Jersey,2021-09-01,2021-09-13,291.5816287533397,8.9
New Jersey,2021-09-15,2021-09-27,293.5624675826037,11.9
New Jersey,2021-09-29,2021-10-11,239.86451062407832,8.1
New Jersey,2021-12-01,2021-12-13,581.5161469584328,8.6
New Jersey,2021-12-29,2022-01-10,4283.047227719169,7.4
New Jersey,2022-01-26,2022-02-07,580.2135301196233,11.9
New Jersey,2022-03-02,2022-03-14,142.07135885758996,7.2
New Jersey,2022-03-30,2022-04-11,213.52150728055156,9.9
New Jersey,2022-04-27,2022-05-09,453.54749933092864,7.8
New Mexico,2020-08-19,2020-08-31,83.72994471840198,11.1
New Mexico,2020-09-02,2020-09-14,65.26496536989934,6.5
New Mexico,2020-09-16,2020-09-28,97.37797293251262,14
New Mexico,2020-09-30,2020-10-12,198.581171765866,11
New Mexico,2020-10-14,2020-10-26,419.0275236809818,11.8
New Mexico,2020-10-28,2020-11-09,619.5921459139504,14.1
New Mexico,2020-11-11,2020-11-23,1256.2325208427585,10.8
New Mexico,2020-11-25,2020-12-07,1119.232763579316,10
New Mexico,2020-12-09,2020-12-21,926.4130431702716,13.6
New Mexico,2021-01-06,2021-01-18,744.4550753191702,8.2
New Mexico,2021-01-20,2021-02-01,453.1712067218192,11.5
New Mexico,2021-02-03,2021-02-15,272.91333927109144,12.3
New Mexico,2021-02-17,2021-03-01,200.04514711063214,10.6
New Mexico,2021-03-03,2021-03-15,139.12488276390988,12.5
New Mexico,2021-03-17,2021-03-29,121.17937853774364,12.7
New Mexico,2021-04-14,2021-04-26,126.56302980559352,8.4
New Mexico,2021-04-28,2021-05-10,137.04698227456436,12.3
New Mexico,2021-05-12,2021-05-24,103.13942428933441,10.8
New Mexico,2021-05-26,2021-06-07,60.49523924662884,9
New Mexico,2021-06-09,2021-06-21,57.28393849036752,10
New Mexico,2021-06-23,2021-07-05,31.02683230681901,13.8
New Mexico,2021-07-21,2021-08-02,179.03001716156905,10.9
New Mexico,2021-08-04,2021-08-16,395.27334308687233,12.5
New Mexico,2021-08-18,2021-08-30,505.21316897770123,10.1
New Mexico,2021-09-01,2021-09-13,427.33912563836407,13.9
New Mexico,2021-09-15,2021-09-27,395.5094681424798,15.7
New Mexico,2021-09-29,2021-10-11,356.97385906734377,8.3
New Mexico,2021-12-01,2021-12-13,848.8223498976633,11.5
New Mexico,2021-12-29,2022-01-10,1506.5723047977776,12
New Mexico,2022-01-26,2022-02-07,1814.4321522987718,11.9
New Mexico,2022-03-02,2022-03-14,162.1706881911971,13.3
New Mexico,2022-03-30,2022-04-11,78.11016839494467,11.5
New Mexico,2022-04-27,2022-05-09,144.55575904288125,12.7
New York,2020-08-19,2020-08-31,40.50244616063095,9.4
New York,2020-09-02,2020-09-14,46.63573029568618,9.5
New York,2020-09-16,2020-09-28,53.21948162710139,11.3
New York,2020-09-30,2020-10-12,87.52429119605426,8.4
New York,2020-10-14,2020-10-26,98.79092129402494,9.3
New York,2020-10-28,2020-11-09,166.05903922079273,6.8
New York,2020-11-11,2020-11-23,326.61841849481686,7.9
New York,2020-11-25,2020-12-07,530.8335143039918,9.4
New York,2020-12-09,2020-12-21,657.61280403998785,9.1
New York,2021-01-06,2021-01-18,1028.104747384679,8.8
New York,2021-01-20,2021-02-01,792.7579131369552,9
New York,2021-02-03,2021-02-15,542.6397149998003,9.9
New York,2021-02-17,2021-03-01,481.0890653345246,10.4
New York,2021-03-03,2021-03-15,454.4174471588366,10.9
New York,2021-03-17,2021-03-29,508.4438095882091,12.6
New York,2021-04-14,2021-04-26,330.25185719952265,11.8
New York,2021-04-28,2021-05-10,181.15711558230882,7.9
New York,2021-05-12,2021-05-24,102.8649268171488,9.8
New York,2021-05-26,2021-06-07,45.46253550956181,8.5
New York,2021-06-09,2021-06-21,26.062744932256418,6.6
New York,2021-06-23,2021-07-05,21.64717637013434,10.8
New York,2021-07-21,2021-08-02,131.0216016841335,8.9
New York,2021-08-04,2021-08-16,253.7565870308316,7.9
New York,2021-08-18,2021-08-30,303.14462239438757,9.8
New York,2021-09-01,2021-09-13,307.6492943579875,10.3
New York,2021-09-15,2021-09-27,330.6825236399987,12.3
New York,2021-09-29,2021-10-11,316.5002322381156,9.2
New York,2021-12-01,2021-12-13,643.0344975204256,8.2
New York,2021-12-29,2022-01-10,4608.7051350141755,11.2
New York,2022-01-26,2022-02-07,617.9172386816281,7.9
New York,2022-03-02,2022-03-14,113.7107908525854,9.9
New York,2022-03-30,2022-04-11,280.5866112535913,9.4
New York,2022-04-27,2022-05-09,562.6978807102471,11.2
North Carolina,2020-08-19,2020-08-31,199.70519344620584,9.5
North Carolina,2020-09-02,2020-09-14,157.8732393124961,11.5
North Carolina,2020-09-16,2020-09-28,201.2665876582037,9
North Carolina,2020-09-30,2020-10-12,226.78532496349405,10
North Carolina,2020-10-14,2020-10-26,261.67242754077154,11
North Carolina,2020-10-28,2020-11-09,294.75865826617417,10.4
North Carolina,2020-11-11,2020-11-23,398.32794796016776,13.7
North Carolina,2020-11-25,2020-12-07,538.633107611289,15
North Carolina,2020-12-09,2020-12-21,766.2613938671501,13.3
North Carolina,2021-01-06,2021-01-18,924.0196839125052,12.1
North Carolina,2021-01-20,2021-02-01,760.4564558765321,12
North Carolina,2021-02-03,2021-02-15,568.1750692665125,10.3
North Carolina,2021-02-17,2021-03-01,334.2628897402798,11.9
North Carolina,2021-03-03,2021-03-15,214.05469362763412,10.4
North Carolina,2021-03-17,2021-03-29,222.51304386808883,13.4
North Carolina,2021-04-14,2021-04-26,241.55630579110576,10
North Carolina,2021-04-28,2021-05-10,191.9173805974067,7.3
North Carolina,2021-05-12,2021-05-24,124.4708981024558,8.6
North Carolina,2021-05-26,2021-06-07,70.08073653359757,8.8
North Carolina,2021-06-09,2021-06-21,44.33210069402536,11.3
North Carolina,2021-06-23,2021-07-05,32.92338593028634,10.3
North Carolina,2021-07-21,2021-08-02,281.7598119736521,11.9
North Carolina,2021-08-04,2021-08-16,598.559992214103,9.4
North Carolina,2021-08-18,2021-08-30,792.0387670235075,13.3
North Carolina,2021-09-01,2021-09-13,859.561882363219,11.3
North Carolina,2021-09-15,2021-09-27,712.8195637522047,10.6
North Carolina,2021-09-29,2021-10-11,468.0063620587721,10.9
North Carolina,2021-12-01,2021-12-13,373.70006747521984,11.8
North Carolina,2021-12-29,2022-01-10,2360.5502544785195,10.4
North Carolina,2022-01-26,2022-02-07,1818.4686688530019,9.5
North Carolina,2022-03-02,2022-03-14,200.96005627916122,12
North Carolina,2022-03-30,2022-04-11,64.7834911395189,10.1
North Carolina,2022-04-27,2022-05-09,245.87648241448633,8.7
North Dakota,2020-08-19,2020-08-31,389.4266930562936,5.7
North Dakota,2020-09-02,2020-09-14,491.59664944153076,7.9
North Dakota,2020-09-16,2020-09-28,631.3743912801278,6
North Dakota,2020-09-30,2020-10-12,813.5090245849667,6.9
North Dakota,2020-10-14,2020-10-26,1283.028748777426,5.7
North Dakota,2020-10-28,2020-11-09,2095.7676480630066,8.8
North Dakota,2020-11-11,2020-11-23,2187.925975556223,10
North Dakota,2020-11-25,2020-12-07,1147.6150503020174,4.1
North Dakota,2020-12-09,2020-12-21,569.7643673292313,9.3
North Dakota,2021-01-06,2021-01-18,315.10960166552434,14
North Dakota,2021-01-20,2021-02-01,207.29205975145493,9.7
North Dakota,2021-02-03,2021-02-15,109.74285516253494,9.6
North Dakota,2021-02-17,2021-03-01,137.46736594043853,8.7
North Dakota,2021-03-03,2021-03-15,134.1301563097649,7.3
North Dakota,2021-03-17,2021-03-29,191.24778268090887,7.8
North Dakota,2021-04-14,2021-04-26,227.186963318932,8
North Dakota,2021-04-28,2021-05-10,195.9968886937905,9.2
North Dakota,2021-05-12,2021-05-24,125.91548644964536,5.8
North Dakota,2021-05-26,2021-06-07,64.56217093187729,9.7
North Dakota,2021-06-09,2021-06-21,40.68828665090477,10.3
North Dakota,2021-06-23,2021-07-05,18.868069834962146,7.2
North Dakota,2021-07-21,2021-08-02,81.1198648686808,10.3
North Dakota,2021-08-04,2021-08-16,201.1310573563652,6.6
North Dakota,2021-08-18,2021-08-30,424.2106857452374,7.9
North Dakota,2021-09-15,2021-09-27,845.5975787260587,9.5
North Dakota,2021-09-29,2021-10-11,976.39052540515,7.8
North Dakota,2021-12-01,2021-12-13,639.2039984905543,10.3
North Dakota,2021-12-29,2022-01-10,1417.9290303865773,9.2
North Dakota,2022-01-26,2022-02-07,2100.1316914261947,8.7
North Dakota,2022-03-02,2022-03-14,131.30636354534886,10.3
North Dakota,2022-03-30,2022-04-11,51.98345770856918,8.4
North Dakota,2022-04-27,2022-05-09,118.21423345578324,8
Ohio,2020-08-19,2020-08-31,112.15778907623478,9.3
Ohio,2020-09-02,2020-09-14,117.58177162185892,8.2
Ohio,2020-09-16,2020-09-28,104.38623908508262,8.6
Ohio,2020-09-30,2020-10-12,146.37972895003227,7.8
Ohio,2020-10-14,2020-10-26,242.4265948712177,11.9
Ohio,2020-10-28,2020-11-09,442.6817254502076,10
Ohio,2020-11-11,2020-11-23,862.9386730633502,9.6
Ohio,2020-11-25,2020-12-07,952.4937098752415,15.2
Ohio,2020-12-09,2020-12-21,1011.3693454134466,15.1
Ohio,2021-01-06,2021-01-18,814.13130512546,12.5
Ohio,2021-01-20,2021-02-01,534.1266811803399,9.4
Ohio,2021-02-03,2021-02-15,326.53222421930246,10
Ohio,2021-02-17,2021-03-01,216.81522728859858,12.1
Ohio,2021-03-03,2021-03-15,167.44003617796358,14
Ohio,2021-03-17,2021-03-29,177.09303011462913,9.4
Ohio,2021-04-14,2021-04-26,186.22057574218726,8.1
Ohio,2021-04-28,2021-05-10,144.58303473179424,8.4
Ohio,2021-05-12,2021-05-24,102.8353190759432,11.4
Ohio,2021-05-26,2021-06-07,53.468602938035744,8.3
Ohio,2021-06-09,2021-06-21,31.323499200979573,9.2
Ohio,2021-06-23,2021-07-05,26.484289773555506,9.2
Ohio,2021-07-21,2021-08-02,106.07275865786266,12.3
Ohio,2021-08-04,2021-08-16,243.86734023489913,9.8
Ohio,2021-08-18,2021-08-30,425.2571815223899,15.1
Ohio,2021-09-01,2021-09-13,705.9059033948029,12.5
Ohio,2021-09-15,2021-09-27,696.4563088035982,9.1
Ohio,2021-09-29,2021-10-11,587.2139103456366,10.5
Ohio,2021-12-01,2021-12-13,820.4790596983859,10.5
Ohio,2021-12-29,2022-01-10,2134.565955966754,8.8
Ohio,2022-01-26,2022-02-07,784.8417993790895,10.3
Ohio,2022-03-02,2022-03-14,74.95265880234398,10.6
Ohio,2022-03-30,2022-04-11,58.740035974564236,11.7
Ohio,2022-04-27,2022-05-09,167.3298615325056,8.5
Oklahoma,2020-08-19,2020-08-31,237.58932330610583,9
Oklahoma,2020-09-02,2020-09-14,273.37799888012006,9
Oklahoma,2020-09-16,2020-09-28,350.5623267235834,7.5
Oklahoma,2020-09-30,2020-10-12,352.70914212498855,10.7
Oklahoma,2020-10-14,2020-10-26,401.73230323237163,12.1
Oklahoma,2020-10-28,2020-11-09,506.2948416066969,16.9
Oklahoma,2020-11-11,2020-11-23,952.6051352329533,11.9
Oklahoma,2020-11-25,2020-12-07,954.1710476433904,16.5
Oklahoma,2020-12-09,2020-12-21,1079.6713503443618,13.3
Oklahoma,2021-01-06,2021-01-18,1226.1599306755422,9.6
Oklahoma,2021-01-20,2021-02-01,820.6896429795476,14.1
Oklahoma,2021-02-03,2021-02-15,558.3740575796096,13
Oklahoma,2021-02-17,2021-03-01,255.29423620475364,9.8
Oklahoma,2021-03-03,2021-03-15,196.85034398296892,12.4
Oklahoma,2021-03-17,2021-03-29,121.93911479981705,11.7
Oklahoma,2021-04-14,2021-04-26,85.77158944908425,9.1
Oklahoma,2021-04-28,2021-05-10,73.79993650477742,12.4
Oklahoma,2021-05-12,2021-05-24,47.68455856297734,11.7
Oklahoma,2021-05-26,2021-06-07,38.213314145013086,9.5
Oklahoma,2021-06-09,2021-06-21,50.9174099909758,15.9
Oklahoma,2021-06-23,2021-07-05,58.974281909190715,15.7
Oklahoma,2021-07-21,2021-08-02,480.735110004084,14.7
Oklahoma,2021-08-04,2021-08-16,722.9211439343751,11.5
Oklahoma,2021-08-18,2021-08-30,848.0173402068469,10.4
Oklahoma,2021-09-01,2021-09-13,826.7512394070445,12.9
Oklahoma,2021-09-15,2021-09-27,606.5637491782118,12.7
Oklahoma,2021-09-29,2021-10-11,436.5359693869175,14.7
Oklahoma,2021-12-01,2021-12-13,424.1096967105484,15.5
Oklahoma,2021-12-29,2022-01-10,1632.034324800037,14.4
Oklahoma,2022-01-26,2022-02-07,1891.975784932538,12.9
Oklahoma,2022-03-02,2022-03-14,146.8421734561177,15.9
Oklahoma,2022-03-30,2022-04-11,72.6633871746217,12.4
Oklahoma,2022-04-27,2022-05-09,67.81411003262401,13
Oregon,2020-08-19,2020-08-31,71.69734375265502,12.9
Oregon,2020-09-02,2020-09-14,59.70845282890626,13.1
Oregon,2020-09-16,2020-09-28,78.61219619489594,14
Oregon,2020-09-30,2020-10-12,98.5307472571872,11.3
Oregon,2020-10-14,2020-10-26,110.11843513821209,12.8
Oregon,2020-10-28,2020-11-09,196.68389165063428,15.5
Oregon,2020-11-11,2020-11-23,340.43258184070066,15.3
Oregon,2020-11-25,2020-12-07,435.80090511406434,12.9
Oregon,2020-12-09,2020-12-21,396.435806569157,16.5
Oregon,2021-01-06,2021-01-18,338.49736716403254,13.1
Oregon,2021-01-20,2021-02-01,210.15959385035978,14.8
Oregon,2021-02-03,2021-02-15,153.0707608886506,16.7
Oregon,2021-02-17,2021-03-01,117.95369456081954,17.8
Oregon,2021-03-03,2021-03-15,89.30307727453803,16.4
Oregon,2021-03-17,2021-03-29,98.45994672023593,12.2
Oregon,2021-04-14,2021-04-26,236.21419144842793,11.6
Oregon,2021-04-28,2021-05-10,231.2109535038714,10.8
Oregon,2021-05-12,2021-05-24,156.46918666231164,13.7
Oregon,2021-05-26,2021-06-07,94.47151647198092,15
Oregon,2021-06-09,2021-06-21,74.93056827342978,12.2
Oregon,2021-06-23,2021-07-05,46.63395367190464,15.5
Oregon,2021-07-21,2021-08-02,199.6811143815715,13.2
Oregon,2021-08-04,2021-08-16,459.70788642461065,15.1
Oregon,2021-08-18,2021-08-30,664.0618362449661,14.7
Oregon,2021-09-01,2021-09-13,595.1257134334107,15.8
Oregon,2021-09-15,2021-09-27,496.5241656392722,13.7
Oregon,2021-09-29,2021-10-11,420.1303862688495,15.8
Oregon,2021-12-01,2021-12-13,246.97587306502135,16.1
Oregon,2021-12-29,2022-01-10,1467.5299297469871,15.7
Oregon,2022-01-26,2022-02-07,1535.852447904965,15.7
Oregon,2022-03-02,2022-03-14,125.34055058273563,15
Oregon,2022-03-30,2022-04-11,95.50992434726625,16
Oregon,2022-04-27,2022-05-09,351.09986274135906,15.6
Pennsylvania,2020-08-19,2020-08-31,65.78633668391949,7.8
Pennsylvania,2020-09-02,2020-09-14,80.39099571627432,8.1
Pennsylvania,2020-09-16,2020-09-28,81.22159243849354,8.5
Pennsylvania,2020-09-30,2020-10-12,112.4766394671876,9.7
Pennsylvania,2020-10-14,2020-10-26,165.92707668407334,9.3
Pennsylvania,2020-10-28,2020-11-09,278.43447899282455,9.9
Pennsylvania,2020-11-11,2020-11-23,586.0628946295769,9.4
Pennsylvania,2020-11-25,2020-12-07,813.6387058072554,11.5
Pennsylvania,2020-12-09,2020-12-21,975.8357879517332,9.3
Pennsylvania,2021-01-06,2021-01-18,743.9224161135764,10.7
Pennsylvania,2021-01-20,2021-02-01,527.2443415598299,11.2
Pennsylvania,2021-02-03,2021-02-15,346.32037961346487,8.5
Pennsylvania,2021-02-17,2021-03-01,262.29167788228597,9.2
Pennsylvania,2021-03-03,2021-03-15,245.80279480415604,10.7
Pennsylvania,2021-03-17,2021-03-29,343.8670429987618,9.1
Pennsylvania,2021-04-14,2021-04-26,416.09050427988024,8.8
Pennsylvania,2021-04-28,2021-05-10,267.39061887146516,9
Pennsylvania,2021-05-12,2021-05-24,150.0149968852623,10.4
Pennsylvania,2021-05-26,2021-06-07,65.56330608258284,8.5
Pennsylvania,2021-06-09,2021-06-21,30.778222984457074,8.6
Pennsylvania,2021-06-23,2021-07-05,17.32717051074008,9.9
Pennsylvania,2021-07-21,2021-08-02,79.99876948633745,11.5
Pennsylvania,2021-08-04,2021-08-16,178.63982096026209,9.1
Pennsylvania,2021-08-18,2021-08-30,294.9002899397817,9.9
Pennsylvania,2021-09-01,2021-09-13,387.234958893153,8.7
Pennsylvania,2021-09-15,2021-09-27,466.04166826889804,7.9
Pennsylvania,2021-09-29,2021-10-11,474.9628923223638,11
Pennsylvania,2021-12-01,2021-12-13,816.8841855922232,9.4
Pennsylvania,2021-12-29,2022-01-10,2427.026694455767,9.1
Pennsylvania,2022-01-26,2022-02-07,880.8247517823219,10.1
Pennsylvania,2022-03-02,2022-03-14,89.1737869827036,9.5
Pennsylvania,2022-03-30,2022-04-11,75.58430172195004,9.3
Pennsylvania,2022-04-27,2022-05-09,146.08504387550278,9.5
Rhode Island,2020-08-19,2020-08-31,114.54565833681892,7
Rhode Island,2020-09-02,2020-09-14,102.79037597767044,8.9
Rhode Island,2020-09-16,2020-09-28,118.82859066922185,7
Rhode Island,2020-09-30,2020-10-12,158.3773700790702,7.9
Rhode Island,2020-10-14,2020-10-26,370.33695742309635,12.2
Rhode Island,2020-10-28,2020-11-09,598.1525070189971,10.2
Rhode Island,2020-11-11,2020-11-23,1073.0112385966927,11
Rhode Island,2020-11-25,2020-12-07,1311.670808353358,9
Rhode Island,2020-12-09,2020-12-21,1199.5855579521751,6.4
Rhode Island,2021-01-06,2021-01-18,965.117794308074,10.6
Rhode Island,2021-01-20,2021-02-01,810.1120943630232,12.2
Rhode Island,2021-02-03,2021-02-15,509.94232621546433,8.9
Rhode Island,2021-02-17,2021-03-01,411.5260087900352,11.3
Rhode Island,2021-03-03,2021-03-15,422.64340761031514,13.9
Rhode Island,2021-03-17,2021-03-29,425.4683204253042,9.5
Rhode Island,2021-04-14,2021-04-26,381.45435624337625,9.3
Rhode Island,2021-04-28,2021-05-10,248.59232771904695,8.5
Rhode Island,2021-05-12,2021-05-24,124.29616385952347,7.6
Rhode Island,2021-05-26,2021-06-07,52.1241977475421,4.4
Rhode Island,2021-06-09,2021-06-21,29.433769007790378,9.1
Rhode Island,2021-06-23,2021-07-05,18.225243967672064,10.1
Rhode Island,2021-07-21,2021-08-02,147.80672857782042,8.7
Rhode Island,2021-08-04,2021-08-16,300.53427302691233,7.3
Rhode Island,2021-08-18,2021-08-30,338.1694018201551,9.4
Rhode Island,2021-09-01,2021-09-13,382.1833660020832,11.8
Rhode Island,2021-09-15,2021-09-27,383.2768806401435,7.6
Rhode Island,2021-09-29,2021-10-11,256.88481372433773,11.7
Rhode Island,2021-12-01,2021-12-13,1088.502695969214,9.9
Rhode Island,2021-12-29,2022-01-10,5089.03487309307,11.5
Rhode Island,2022-01-26,2022-02-07,1359.4209475486591,14.1
Rhode Island,2022-03-02,2022-03-14,192.6408287382937,8.4
Rhode Island,2022-03-30,2022-04-11,312.10730294638404,10.6
Rhode Island,2022-04-27,2022-05-09,715.6142043906434,7.5
South Carolina,2020-08-19,2020-08-31,221.16178316571992,9.3
South Carolina,2020-09-02,2020-09-14,250.74119480113512,8.1
South Carolina,2020-09-16,2020-09-28,253.69132106067784,9.8
South Carolina,2020-09-30,2020-10-12,203.59778642844233,9.1
South Carolina,2020-10-14,2020-10-26,246.52114664178922,8.8
South Carolina,2020-10-28,2020-11-09,269.84863507817346,13.7
South Carolina,2020-11-11,2020-11-23,387.1112695799978,14.9
South Carolina,2020-11-25,2020-12-07,496.6762236430152,10
South Carolina,2020-12-09,2020-12-21,757.6354054225665,11.8
South Carolina,2021-01-06,2021-01-18,1238.4864484680345,9.9
South Carolina,2021-01-20,2021-02-01,1008.0835413237471,10
South Carolina,2021-02-03,2021-02-15,803.2549075154953,14.5
South Carolina,2021-02-17,2021-03-01,537.7240068966528,11.4
South Carolina,2021-03-03,2021-03-15,300.1899998534706,9.3
South Carolina,2021-03-17,2021-03-29,296.9468146939732,10.6
South Carolina,2021-04-14,2021-04-26,222.47077958551705,8.4
South Carolina,2021-04-28,2021-05-10,175.3664457328182,9.4
South Carolina,2021-05-12,2021-05-24,120.0759999413882,7.9
South Carolina,2021-05-26,2021-06-07,52.75060199182365,11.6
South Carolina,2021-06-09,2021-06-21,27.44985029574527,10.3
South Carolina,2021-06-23,2021-07-05,41.96603447349526,9.9
South Carolina,2021-07-21,2021-08-02,390.23723117951323,8.2
South Carolina,2021-08-04,2021-08-16,807.1623595148899,10.9
South Carolina,2021-08-18,2021-08-30,1192.691111035133,14.6
South Carolina,2021-09-01,2021-09-13,1309.7974474569812,10.6
South Carolina,2021-09-15,2021-09-27,851.6487005279945,10.6
South Carolina,2021-09-29,2021-10-11,527.6232434782185,9.7
South Carolina,2021-12-01,2021-12-13,271.2748550579524,12.2
South Carolina,2021-12-29,2022-01-10,2923.7900330668126,9.6
South Carolina,2022-01-26,2022-02-07,3044.471688068107,12.9
South Carolina,2022-03-02,2022-03-14,72.30739924879235,11.4
South Carolina,2022-03-30,2022-04-11,30.595349155257722,10.1
South Carolina,2022-04-27,2022-05-09,102.6096895040955,9
South Dakota,2020-08-19,2020-08-31,345.78934368821666,6.3
South Dakota,2020-09-02,2020-09-14,344.21039691338467,6.5
South Dakota,2020-09-16,2020-09-28,535.0373928430854,6
South Dakota,2020-09-30,2020-10-12,781.3530897168836,6.2
South Dakota,2020-10-14,2020-10-26,1173.1574537002055,4.9
South Dakota,2020-10-28,2020-11-09,1757.2549784755718,9
South Dakota,2020-11-11,2020-11-23,1862.4805028268788,12.9
South Dakota,2020-11-25,2020-12-07,1312.894243272841,7.5
South Dakota,2020-12-09,2020-12-21,906.3154487535907,8.3
South Dakota,2021-01-06,2021-01-18,516.8795049325171,7.3
South Dakota,2021-01-20,2021-02-01,285.22545668215906,5.9
South Dakota,2021-02-03,2021-02-15,219.3608197891655,13.2
South Dakota,2021-02-17,2021-03-01,211.69164973998127,5.9
South Dakota,2021-03-03,2021-03-15,225.2254792385416,6.2
South Dakota,2021-03-17,2021-03-29,287.0299672819672,6.2
South Dakota,2021-04-14,2021-04-26,217.21796345189344,12.8
South Dakota,2021-04-28,2021-05-10,122.03002931201905,6.3
South Dakota,2021-05-12,2021-05-24,57.18042963141744,5.4
South Dakota,2021-05-26,2021-06-07,28.195478122000704,8
South Dakota,2021-06-09,2021-06-21,12.293228461192307,9.2
South Dakota,2021-06-23,2021-07-05,15.338340098368384,10.7
South Dakota,2021-07-21,2021-08-02,52.556371219409314,8.1
South Dakota,2021-08-04,2021-08-16,192.74428844199682,8.2
South Dakota,2021-08-18,2021-08-30,441.992315040483,9.8
South Dakota,2021-09-01,2021-09-13,568.5336208520223,6.7
South Dakota,2021-09-15,2021-09-27,551.6163339788218,8
South Dakota,2021-09-29,2021-10-11,431.39081526661073,9.3
South Dakota,2021-12-01,2021-12-13,606.2027796230152,7.2
South Dakota,2021-12-29,2022-01-10,1538.6836320738223,12.5
South Dakota,2022-01-26,2022-02-07,1067.1424559614827,11.2
South Dakota,2022-03-02,2022-03-14,66.76689219289767,10.6
South Dakota,2022-03-30,2022-04-11,32.81953653400882,10.5
South Dakota,2022-04-27,2022-05-09,73.30824311720184,7.9
Tennessee,2020-08-19,2020-08-31,278.3597941784212,8.9
Tennessee,2020-09-02,2020-09-14,263.70166289481455,9.8
Tennessee,2020-09-16,2020-09-28,264.78691447059987,10.4
Tennessee,2020-09-30,2020-10-12,323.92589034039275,10.8
Tennessee,2020-10-14,2020-10-26,438.9770273946438,9.9
Tennessee,2020-10-28,2020-11-09,507.289996585075,9.9
Tennessee,2020-11-11,2020-11-23,765.6377517060155,11.5
Tennessee,2020-11-25,2020-12-07,872.0213461749945,13.9
Tennessee,2020-12-09,2020-12-21,1591.6444310677139,13.3
Tennessee,2021-01-06,2021-01-18,1049.3369836373001,11
Tennessee,2021-01-20,2021-02-01,550.0633786920258,12.2
Tennessee,2021-02-03,2021-02-15,400.5012415278026,12.8
Tennessee,2021-02-17,2021-03-01,227.29509003247074,10.9
Tennessee,2021-03-03,2021-03-15,228.6842120494759,13.8
Tennessee,2021-03-17,2021-03-29,219.94431935915168,10.7
Tennessee,2021-04-14,2021-04-26,240.5351592570512,9.9
Tennessee,2021-04-28,2021-05-10,142.3850067430298,11
Tennessee,2021-05-12,2021-05-24,93.02776507631489,11.2
Tennessee,2021-05-26,2021-06-07,41.25402990085141,7.6
Tennessee,2021-06-09,2021-06-21,50.02286263319655,8.5
Tennessee,2021-06-23,2021-07-05,17.14697489740755,10.7
Tennessee,2021-07-21,2021-08-02,335.82024761099956,10.4
Tennessee,2021-08-04,2021-08-16,726.6699851248184,10.8
Tennessee,2021-08-18,2021-08-30,1170.7259898941375,11.5
Tennessee,2021-09-01,2021-09-13,1384.6218404709123,11.8
Tennessee,2021-09-15,2021-09-27,813.634811397746,10.4
Tennessee,2021-09-29,2021-10-11,467.5697889113335,12.6
Tennessee,2021-12-01,2021-12-13,334.69158597218285,11.2
Tennessee,2021-12-29,2022-01-10,1792.3725625249608,11
Tennessee,2022-01-26,2022-02-07,2047.3488027504616,11.7
Tennessee,2022-03-02,2022-03-14,132.83479287611928,12.1
Tennessee,2022-03-30,2022-04-11,41.10932969074671,12.7
Tennessee,2022-04-27,2022-05-09,91.6965231433516,11.6
Texas,2020-08-19,2020-08-31,216.48964394337997,7.4
Texas,2020-09-02,2020-09-14,168.1665834920342,10.9
Texas,2020-09-16,2020-09-28,247.61965867463957,10.5
Texas,2020-09-30,2020-10-12,193.0452054270461,9.3
Texas,2020-10-14,2020-10-26,257.068800146026,9.9
Texas,2020-10-28,2020-11-09,350.29415342091346,13.7
Texas,2020-11-11,2020-11-23,499.63107518637946,11
Texas,2020-11-25,2020-12-07,537.6609532070211,10.7
Texas,2020-12-09,2020-12-21,802.2094659193588,13.9
Texas,2021-01-06,2021-01-18,940.5120961191099,11.4
Texas,2021-01-20,2021-02-01,870.4189548268248,13.1
Texas,2021-02-03,2021-02-15,476.03566999439533,13.2
Texas,2021-02-17,2021-03-01,293.85663415336256,12.5
Texas,2021-03-03,2021-03-15,216.95626821357183,11.4
Texas,2021-03-17,2021-03-29,164.4610378169807,12.2
Texas,2021-04-14,2021-04-26,139.8809181724592,10
Texas,2021-04-28,2021-05-10,118.45394341254338,9.6
Texas,2021-05-12,2021-05-24,82.6405306753134,12.4
Texas,2021-05-26,2021-06-07,56.71200413236962,12.1
Texas,2021-06-09,2021-06-21,68.67268211684785,10.2
Texas,2021-06-23,2021-07-05,58.06041103079188,13
Texas,2021-07-21,2021-08-02,348.13944723208607,12.7
Texas,2021-08-04,2021-08-16,627.2459509622495,11.3
Texas,2021-08-18,2021-08-30,720.1830951290775,11.9
Texas,2021-09-01,2021-09-13,785.2771808208503,14.6
Texas,2021-09-15,2021-09-27,562.9513024392613,14.2
Texas,2021-09-29,2021-10-11,341.517499868333,11.9
Texas,2021-12-01,2021-12-13,207.24979718141788,11.8
Texas,2021-12-29,2022-01-10,1874.3988138136567,12.6
Texas,2022-01-26,2022-02-07,1259.8615120925165,12.7
Texas,2022-03-02,2022-03-14,171.17562382261005,13.9
Texas,2022-03-30,2022-04-11,112.0138422717328,13.4
Texas,2022-04-27,2022-05-09,116.87908650064566,12.7
Utah,2020-08-19,2020-08-31,149.19232574972125,11.5
Utah,2020-09-02,2020-09-14,181.74504587335431,11.3
Utah,2020-09-16,2020-09-28,379.78173477571937,15.1
Utah,2020-09-30,2020-10-12,450.63357068800246,12.2
Utah,2020-10-14,2020-10-26,558.072830063186,10.3
Utah,2020-10-28,2020-11-09,844.2922396760499,15.4
Utah,2020-11-11,2020-11-23,1280.620953070287,15.5
Utah,2020-11-25,2020-12-07,1085.6102916723723,17.9
Utah,2020-12-09,2020-12-21,1002.9294391517833,15.4
Utah,2021-01-06,2021-01-18,1099.3955280815353,14.6
Utah,2021-01-20,2021-02-01,641.5483968778733,13
Utah,2021-02-03,2021-02-15,409.7669164107279,14.6
Utah,2021-02-17,2021-03-01,279.433772178642,14.3
Utah,2021-03-03,2021-03-15,202.43818345429293,12.8
Utah,2021-03-17,2021-03-29,173.4922435884896,12.7
Utah,2021-04-14,2021-04-26,153.83834777675622,10.8
Utah,2021-04-28,2021-05-10,139.2583970734952,12.1
Utah,2021-05-12,2021-05-24,117.5260177233514,11.4
Utah,2021-05-26,2021-06-07,91.88119877149397,12.7
Utah,2021-06-09,2021-06-21,113.15508910581195,12.6
Utah,2021-06-23,2021-07-05,125.0758035172832,11.5
Utah,2021-07-21,2021-08-02,305.10915706488777,15.8
Utah,2021-08-04,2021-08-16,347.68750366791215,13.7
Utah,2021-08-18,2021-08-30,471.9074610223205,13.2
Utah,2021-09-01,2021-09-13,604.4719184647588,17.7
Utah,2021-09-15,2021-09-27,562.8411158277744,16.5
Utah,2021-09-29,2021-10-11,464.32710929400025,11.3
Utah,2021-12-01,2021-12-13,536.5849781881493,13.9
Utah,2021-12-29,2022-01-10,2324.600442105675,13.5
Utah,2022-01-26,2022-02-07,1504.3635927932862,14.3
Utah,2022-03-02,2022-03-14,84.14801737123182,13.3
Utah,2022-03-30,2022-04-11,29.648956356736246,15.9
Utah,2022-04-27,2022-05-09,150.47609499403353,17.9
Vermont,2020-08-19,2020-08-31,14.61722313191111,10.5
Vermont,2020-09-02,2020-09-14,9.485644798367847,9.6
Vermont,2020-09-16,2020-09-28,6.686602070980613,9.7
Vermont,2020-09-30,2020-10-12,19.748801465454367,12.6
Vermont,2020-10-14,2020-10-26,30.633967627515837,9.7
Vermont,2020-10-28,2020-11-09,46.961716870608036,16
Vermont,2020-11-11,2020-11-23,194.68897192715647,7.4
Vermont,2020-11-25,2020-12-07,204.95212859424296,12.8
Vermont,2020-12-09,2020-12-21,210.55021404901748,9
Vermont,2021-01-06,2021-01-18,339.30617950883016,8.6
Vermont,2021-01-20,2021-02-01,273.99518253646147,9
Vermont,2021-02-03,2021-02-15,259.0669546570628,11.2
Vermont,2021-02-17,2021-03-01,212.57174490768602,7.5
Vermont,2021-03-03,2021-03-15,251.91384546485105,10.8
Vermont,2021-03-17,2021-03-29,304.0071406690023,10
Vermont,2021-04-14,2021-04-26,191.11241733105052,14.7
Vermont,2021-04-28,2021-05-10,134.66505566207465,14.7
Vermont,2021-05-12,2021-05-24,81.01673672048604,10
Vermont,2021-06-23,2021-07-05,7.46411393969929,6.4
Vermont,2021-07-21,2021-08-02,69.66506343719337,11.3
Vermont,2021-08-04,2021-08-16,149.74878591521698,9.6
Vermont,2021-08-18,2021-08-30,256.1124095559319,9.2
Vermont,2021-09-15,2021-09-27,443.959277038364,5.9
Vermont,2021-09-29,2021-10-11,398.5525839051933,12.1
Vermont,2021-12-01,2021-12-13,943.8994086244726,10.7
Vermont,2021-12-29,2022-01-10,2259.4494904964727,9.3
Vermont,2022-01-26,2022-02-07,1148.5405324712283,9
Vermont,2022-03-02,2022-03-14,286.43537243596023,12.7
Vermont,2022-03-30,2022-04-11,353.61239789325384,8.3
Vermont,2022-04-27,2022-05-09,714.688909726207,11.9
Virginia,2020-08-19,2020-08-31,142.6420972837177,7.6
Virginia,2020-09-02,2020-09-14,150.10323362636828,8.5
Virginia,2020-09-16,2020-09-28,128.35703344755595,9.9
Virginia,2020-09-30,2020-10-12,139.6530085004819,10.6
Virginia,2020-10-14,2020-10-26,156.0582399619621,10
Virginia,2020-10-28,2020-11-09,209.32889975001714,10.9
Virginia,2020-11-11,2020-11-23,302.6857889566609,9.4
Virginia,2020-11-25,2020-12-07,408.83319760784843,10.2
Virginia,2020-12-09,2020-12-21,557.9632395373493,13.1
Virginia,2021-01-06,2021-01-18,864.7155795130635,10.1
Virginia,2021-01-20,2021-02-01,655.3287516858518,11.2
Virginia,2021-02-03,2021-02-15,476.84076023418237,12.2
Virginia,2021-02-17,2021-03-01,276.50229806475045,9.6
Virginia,2021-03-03,2021-03-15,200.50066078557657,11.1
Virginia,2021-03-17,2021-03-29,224.3901998205851,11.8
Virginia,2021-04-14,2021-04-26,185.58997371571422,8.6
Virginia,2021-04-28,2021-05-10,126.68870482435455,11.6
Virginia,2021-05-12,2021-05-24,63.941011607280544,10.4
Virginia,2021-05-26,2021-06-07,35.59101062829603,8
Virginia,2021-06-09,2021-06-21,20.297998248950087,8.6
Virginia,2021-06-23,2021-07-05,26.473131277882956,9.5
Virginia,2021-07-21,2021-08-02,135.9340259445955,9.6
Virginia,2021-08-04,2021-08-16,282.5152324775387,10.3
Virginia,2021-08-18,2021-08-30,428.4013020841479,9.1
Virginia,2021-09-01,2021-09-13,517.2282156541823,10.7
Virginia,2021-09-15,2021-09-27,499.50222403266764,10.1
Virginia,2021-09-29,2021-10-11,383.64606964368323,7.5
Virginia,2021-12-01,2021-12-13,365.8505643295352,11.8
Virginia,2021-12-29,2022-01-10,2357.1050466593288,12.9
Virginia,2022-01-26,2022-02-07,1068.8309523155767,9.7
Virginia,2022-03-02,2022-03-14,155.88445573037862,9.3
Virginia,2022-03-30,2022-04-11,126.58443428540446,10.8
Virginia,2022-04-27,2022-05-09,294.88866976628225,10.1
Washington,2020-08-19,2020-08-31,86.77165699732433,11.2
Washington,2020-09-02,2020-09-14,75.27304974341624,11
Washington,2020-09-16,2020-09-28,82.72248604560949,11.8
Washington,2020-09-30,2020-10-12,94.14322462736921,11.6
Washington,2020-10-14,2020-10-26,117.86721340857004,11
Washington,2020-10-28,2020-11-09,202.38067891359182,12.6
Washington,2020-11-11,2020-11-23,379.54488616313927,11.7
Washington,2020-11-25,2020-12-07,431.314575029775,13.4
Washington,2020-12-09,2020-12-21,465.3172285345597,13
Washington,2021-01-06,2021-01-18,389.680791654451,12.3
Washington,2021-01-20,2021-02-01,274.9283251318154,16.1
Washington,2021-02-03,2021-02-15,160.12394616108094,15.6
Washington,2021-02-17,2021-03-01,136.76334451657243,12.6
Washington,2021-03-03,2021-03-15,114.5707729542894,15.9
Washington,2021-03-17,2021-03-29,143.3821816491832,12.6
Washington,2021-04-14,2021-04-26,230.88061291989223,11.7
Washington,2021-04-28,2021-05-10,224.40453501955344,12.7
Washington,2021-05-12,2021-05-24,163.0959338147434,10.3
Washington,2021-05-26,2021-06-07,133.31116671799512,12.3
Washington,2021-06-09,2021-06-21,81.30787183491427,11.7
Washington,2021-06-23,2021-07-05,54.910391976619664,11.4
Washington,2021-07-21,2021-08-02,173.1020581858079,14.5
Washington,2021-08-04,2021-08-16,439.76332595787227,12.9
Washington,2021-08-18,2021-08-30,555.7097787867827,12.7
Washington,2021-09-01,2021-09-13,577.5908756604723,11.9
Washington,2021-09-15,2021-09-27,508.0671295440101,13.5
Washington,2021-09-29,2021-10-11,413.97581736473984,11.9
Washington,2021-12-01,2021-12-13,253.4495497308924,16
Washington,2021-12-29,2022-01-10,1828.590028059976,14.3
Washington,2022-01-26,2022-02-07,2184.229231873568,14
Washington,2022-03-02,2022-03-14,211.97150369986505,14.3
Washington,2022-03-30,2022-04-11,201.0698895990944,12.3
Washington,2022-04-27,2022-05-09,404.51477369871395,14.8
West Virginia,2020-08-19,2020-08-31,84.68453199949155,6.6
West Virginia,2020-09-02,2020-09-14,128.95017940409744,7.5
West Virginia,2020-09-16,2020-09-28,141.38247080362777,13
West Virginia,2020-09-30,2020-10-12,144.337230642978,11
West Virginia,2020-10-14,2020-10-26,204.49168095729758,8.1
West Virginia,2020-10-28,2020-11-09,340.02038226787295,8.9
West Virginia,2020-11-11,2020-11-23,657.7406902764986,12.5
West Virginia,2020-11-25,2020-12-07,783.0113574278201,12.9
West Virginia,2020-12-09,2020-12-21,907.44577179442,14.7
West Virginia,2021-01-06,2021-01-18,928.0733404842238,12.9
West Virginia,2021-01-20,2021-02-01,591.2307187982935,11.4
West Virginia,2021-02-03,2021-02-15,331.93660534889574,10.3
West Virginia,2021-02-17,2021-03-01,219.15397978275266,13
West Virginia,2021-03-03,2021-03-15,194.79114865452502,14.6
West Virginia,2021-03-17,2021-03-29,277.18992304244375,14.2
West Virginia,2021-04-14,2021-04-26,272.1166561484649,13.3
West Virginia,2021-04-28,2021-05-10,265.8726353558757,7.7
West Virginia,2021-05-12,2021-05-24,193.95489586980327,8.7
West Virginia,2021-05-26,2021-06-07,108.88011257077484,8.5
West Virginia,2021-06-09,2021-06-21,41.58963849349618,13
West Virginia,2021-06-23,2021-07-05,29.101596908317706,5.9
West Virginia,2021-07-21,2021-08-02,135.0269496397423,9.3
West Virginia,2021-08-04,2021-08-16,308.3542768197418,10.1
West Virginia,2021-08-18,2021-08-30,771.6940697412523,11.8
West Virginia,2021-09-01,2021-09-13,1227.3960872289704,7.8
West Virginia,2021-09-15,2021-09-27,1270.3237301780216,9.7
West Virginia,2021-09-29,2021-10-11,941.7878861536608,10.9
West Virginia,2021-12-01,2021-12-13,747.6099895412653,13.9
West Virginia,2021-12-29,2022-01-10,2047.76006904103,12.5
West Virginia,2022-01-26,2022-02-07,2208.6551048214988,9.2
West Virginia,2022-03-02,2022-03-14,278.4721773123505,10.6
West Virginia,2022-03-30,2022-04-11,55.136933605988915,9.5
West Virginia,2022-04-27,2022-05-09,187.48787433462155,9.8
Wisconsin,2020-08-19,2020-08-31,156.36988400191527,7.3
Wisconsin,2020-09-02,2020-09-14,235.43712135531425,6.9
Wisconsin,2020-09-16,2020-09-28,463.51046996140633,6.8
Wisconsin,2020-09-30,2020-10-12,575.3753403199813,7.7
Wisconsin,2020-10-14,2020-10-26,814.0701675920022,10.6
Wisconsin,2020-10-28,2020-11-09,1170.7210965981067,11
Wisconsin,2020-11-11,2020-11-23,1456.3133152960493,8
Wisconsin,2020-11-25,2020-12-07,966.6902963460416,8.8
Wisconsin,2020-12-09,2020-12-21,786.3287656450477,9.1
Wisconsin,2021-01-06,2021-01-18,635.3374898493616,10.2
Wisconsin,2021-01-20,2021-02-01,367.39117820024643,11.2
Wisconsin,2021-02-03,2021-02-15,227.7340042397685,11.9
Wisconsin,2021-02-17,2021-03-01,157.45578597415079,10.8
Wisconsin,2021-03-03,2021-03-15,128.57758040001235,9
Wisconsin,2021-03-17,2021-03-29,137.85864881896285,10
Wisconsin,2021-04-14,2021-04-26,167.0083298861601,7.9
Wisconsin,2021-04-28,2021-05-10,144.71340501869955,8.2
Wisconsin,2021-05-12,2021-05-24,95.25396362703475,8.7
Wisconsin,2021-05-26,2021-06-07,41.1455044167366,7.8
Wisconsin,2021-06-09,2021-06-21,19.80074377498211,6.8
Wisconsin,2021-06-23,2021-07-05,18.188858034945003,8.6
Wisconsin,2021-07-21,2021-08-02,144.25529012416268,11.4
Wisconsin,2021-08-04,2021-08-16,278.44901978683066,8.8
Wisconsin,2021-08-18,2021-08-30,373.7029834138654,10.7
Wisconsin,2021-09-01,2021-09-13,405.4825833200706,7.2
Wisconsin,2021-09-15,2021-09-27,680.9962743382022,10.1
Wisconsin,2021-09-29,2021-10-11,621.0680592454542,5.9
Wisconsin,2021-12-01,2021-12-13,895.3261761081883,10.4
Wisconsin,2021-12-29,2022-01-10,2092.9572809557567,10
Wisconsin,2022-01-26,2022-02-07,1106.2626342149385,10.8
Wisconsin,2022-03-02,2022-03-14,96.17019341610848,9.8
Wisconsin,2022-03-30,2022-04-11,125.79495659615883,10.9
Wisconsin,2022-04-27,2022-05-09,377.9447879929104,11.6
Wyoming,2020-08-19,2020-08-31,83.55710573440976,7.5
Wyoming,2020-09-02,2020-09-14,91.18472534501977,8.9
Wyoming,2020-09-16,2020-09-28,228.1351683536997,8
Wyoming,2020-09-30,2020-10-12,343.41623746860114,6.5
Wyoming,2020-10-14,2020-10-26,608.9960839107499,9.1
Wyoming,2020-10-28,2020-11-09,1075.4943650960126,11.5
Wyoming,2020-11-11,2020-11-23,1766.3140048296698,9
Wyoming,2020-11-25,2020-12-07,1217.9921678215,12.4
Wyoming,2020-12-09,2020-12-21,804.8872239105073,8.6
Wyoming,2021-01-06,2021-01-18,717.5163083707923,10.5
Wyoming,2021-01-20,2021-02-01,370.1129061057362,9.2
Wyoming,2021-02-03,2021-02-15,174.74183107942952,7
Wyoming,2021-02-17,2021-03-01,194.15759008825506,16.2
Wyoming,2021-03-03,2021-03-15,138.68399292018216,11.4
Wyoming,2021-03-17,2021-03-29,145.27148258389082,9.8
Wyoming,2021-04-14,2021-04-26,129.66953338037032,6.9
Wyoming,2021-04-28,2021-05-10,152.7257472033506,10.3
Wyoming,2021-05-12,2021-05-24,166.76750148651905,7.7
Wyoming,2021-06-09,2021-06-21,136.25702304407898,9.2
Wyoming,2021-06-23,2021-07-05,128.45604844231875,10.1
Wyoming,2021-07-21,2021-08-02,282.04857060142047,13.1
Wyoming,2021-08-04,2021-08-16,561.6701713267378,12.3
Wyoming,2021-08-18,2021-08-30,936.1169522112295,7.2
Wyoming,2021-09-15,2021-09-27,1121.9535027242734,10.4
Wyoming,2021-09-29,2021-10-11,989.3369344943494,8.1
Wyoming,2021-12-01,2021-12-13,344.6297224066526,11.4
Wyoming,2021-12-29,2022-01-10,1144.4896515738033,13.8
Wyoming,2022-01-26,2022-02-07,1952.150555342714,9.2
Wyoming,2022-03-02,2022-03-14,97.0787950441275,12.3
Wyoming,2022-03-30,2022-04-11,29.296993504388478,14
Wyoming,2022-04-27,2022-05-09,33.80422327429441,11.5
